10.0, 7.535748661457184
10.02, 7.630070152540312
10.041, 7.730888134553298
10.061, 7.828636073117151
10.082, 7.933127054713896
10.102, 8.034446146174137
10.123, 8.14276506493841
10.143, 8.247805740293026
10.164, 8.360113577957163
10.184, 8.469032047103152
10.204, 8.579900552840634
10.225, 8.69845413572562
10.245, 8.813443564552795
10.266, 8.93641292028896
10.286, 9.05569383329933
10.307, 9.183261022434134
10.327, 9.307009604815011
10.347, 9.43300311905586
10.368, 9.56776038773018
10.388, 9.698493697620092
10.409, 9.838326457462307
10.429, 9.973988771399105
10.45, 10.119098167921779
10.47, 10.259883294381412
10.491, 10.410475037580746
10.511, 10.556580846179235
10.531, 10.705354959512029
10.552, 10.864492310667972
10.572, 11.018887501296895
10.593, 11.184034225299804
10.613, 11.344255138762804
10.634, 11.51562675013233
10.654, 11.681878932912744
10.674, 11.851147702511087
10.695, 12.032179718034621
10.715, 12.207784195930632
10.736, 12.395574864966651
10.756, 12.577716259125983
10.777, 12.772474439140979
10.797, 12.961348797226888
10.818, 13.163276675070085
10.838, 13.359072403746373
10.858, 13.558309734528587
10.879, 13.771257661084073
10.899, 13.9776762046435
10.92, 14.198248539831418
10.94, 14.41200418504229
10.961, 14.640354803331071
10.981, 14.861583672318059
11.002, 15.097843323469435
11.022, 15.326657112612251
11.042, 15.559202680147973
11.063, 15.807408930241804
11.083, 16.04764889743071
11.104, 16.3039537542446
11.124, 16.55191481029263
11.145, 16.816323278516887
11.165, 17.071986465369644
11.185, 17.33138419454037
11.206, 17.607744814138528
11.226, 17.87471543145777
11.247, 18.158949063826704
11.267, 18.433325563743452
11.288, 18.725218677848613
11.308, 19.006758978479553
11.329, 19.30601414542637
11.349, 19.594391316979472
11.369, 19.885956715736132
11.39, 20.19540880407521
11.41, 20.493145675881745
11.431, 20.808787012067228
11.451, 21.112112761055773
11.472, 21.43326951693206
11.492, 21.7414807515466
11.512, 22.051780964180658
11.533, 22.379609782558266
11.553, 22.693504584098115
11.574, 23.024578601641558
11.594, 23.341023695507737
11.615, 23.67416841113586
11.635, 23.991969557137043
11.656, 24.32585039833713
11.676, 24.64365903396875
11.696, 24.96093503323822
11.717, 25.293089919820055
11.737, 25.608079084364423
11.758, 25.93694316570595
11.778, 26.24791427598251
11.799, 26.571593376280603
11.819, 26.876672415458035
11.84, 27.193128866937165
11.86, 27.490312621869943
11.88, 27.782884082759477
11.901, 28.084557606537757
11.921, 28.366056994789346
11.942, 28.654941747998066
11.962, 28.923139987221234
11.983, 29.196871150794287
12.003, 29.44950190602186
12.023, 29.693715216313013
12.044, 29.940493826727163
12.064, 30.165783653537776
12.085, 30.391535719313367
12.105, 30.595721028694772
12.126, 30.79821063277363
12.146, 30.979225632053865
12.167, 31.15636347172244
12.187, 31.312306405619083
12.207, 31.455390940207614
12.228, 31.59138178816048
12.248, 31.706970600816895
12.269, 31.813373441723932
12.289, 31.900173353705572
12.31, 31.975790549475008
12.33, 32.03282230870304
12.35, 32.07509097343531
12.371, 32.10354629537091
12.391, 32.11553365632692
12.412, 32.11194243909745
12.432, 32.092708942267635
12.453, 32.056352836761086
12.473, 32.00679051454553
12.494, 31.939123529595992
12.514, 31.85990426943927
12.534, 31.766490786554314
12.555, 31.65342479514852
12.575, 31.531793720577372
12.596, 31.389813409339467
12.616, 31.241394258297547
12.637, 31.072141709983825
12.657, 30.89862218414982
12.677, 30.71353705961396
12.698, 30.507268880168393
12.718, 30.299975060483565
12.739, 30.07149064414235
12.759, 29.844117966959715
12.78, 29.59570881097876
12.8, 29.3504802757005
12.821, 29.084510754413046
12.841, 28.82369565741415
12.861, 28.556103228443256
12.882, 28.268425748900185
12.902, 27.988616142553173
12.923, 27.689277573426295
12.943, 27.39945616642113
12.964, 27.090731446597573
12.984, 26.793019110999403
13.005, 26.47708047667745
13.025, 26.17348842574592
13.045, 25.867719826839046
13.066, 25.54479254363935
13.086, 25.23589347283392
13.107, 24.910573803847374
13.127, 24.600210690574663
13.148, 24.274168119146136
13.168, 23.96385348267528
13.188, 23.65406438377332
13.209, 23.32968459781709
13.229, 23.021905867268156
13.25, 22.70024871684914
13.27, 22.395608286515913
13.291, 22.077779931443096
13.311, 21.777258482227822
13.332, 21.464214184306506
13.352, 21.168652637890485
13.372, 20.875775959084727
13.393, 20.571313848413354
13.413, 20.28440894305018
13.434, 19.98651181240996
13.454, 19.706112363660782
13.475, 19.415283757318203
13.495, 19.14181781411164
13.515, 18.87186035572916
13.536, 18.59225627813247
13.556, 18.329696098702634
13.577, 18.057979223422187
13.597, 17.80302634987406
13.618, 17.539378951514777
13.638, 17.292172850352312
13.659, 17.036707912326886
13.679, 16.79732647286481
13.699, 16.561773880832586
13.72, 16.31856465310497
13.74, 16.090856398073402
13.761, 15.855867431473227
13.781, 15.635962888381268
13.802, 15.40913207227275
13.822, 15.196955116083657
13.843, 14.978186270305258
13.863, 14.773631217283477
13.883, 14.572748326454942
13.904, 14.365736889513702
13.924, 14.172275193229408
13.945, 13.972975312926973
13.965, 13.78677726493743
13.986, 13.595015888189456
14.006, 13.41591030320178
14.026, 13.240199127095709
14.047, 13.059307299197185
14.067, 12.89041576914198
14.088, 12.716584671592928
14.108, 12.554321298594282
14.129, 12.387347606966474
14.149, 12.231517126430111
14.17, 12.071194632135553
14.19, 11.921599981210104
14.21, 11.774975593627325
14.231, 11.62416549344608
14.251, 11.483483944550525
14.272, 11.338811211555734
14.292, 11.203877654431334
14.313, 11.065139119069345
14.333, 10.935761650426675
14.353, 10.80902595114379
14.374, 10.678748251677373
14.394, 10.557290412601096
14.415, 10.43245870763696
14.435, 10.316097595074647
14.456, 10.196524432750255
14.476, 10.08508423970779
14.497, 9.970587980804059
14.517, 9.863898619543994
14.537, 9.759466817111976
14.558, 9.652201196247615
14.578, 9.552278369963151
14.599, 9.449665103810183
14.619, 9.354096512183917
14.64, 9.255976487208848
14.66, 9.16461382132789
14.681, 9.07083472050195
14.701, 8.983536173212435
14.721, 8.898170628680091
14.742, 8.81058281937011
14.762, 8.729082495469136
14.783, 8.64548639213848
14.803, 8.567725707384733
14.824, 8.487992852520017
14.844, 8.413852694570672
14.864, 8.341437355344675
14.885, 8.267229060156827
14.905, 8.198268872898563
14.926, 8.127633439078771
14.946, 8.062025102257214
14.967, 7.9948573384663515
14.987, 7.9325037683447555
15.008, 7.868704967652291
15.028, 7.809515213749325
15.048, 7.751837604349988
15.069, 7.692882226035421
15.089, 7.638244287337486
15.11, 7.582439870619077
15.13, 7.530765554497486
15.151, 7.478035334357475
15.171, 7.4292544532760285
15.191, 7.3818612813716085
15.212, 7.33357594951159
15.232, 7.2889825028689765
15.253, 7.243606816854293
15.273, 7.201757243114894
15.294, 7.1592355514140085
15.314, 7.120079694054536
15.335, 7.080362315217814
15.355, 7.04385569747225
15.375, 7.0086269609675975
15.396, 6.973002737746922
15.416, 6.940367586404632
15.437, 6.907449972067577
15.457, 6.877378104000684
15.478, 6.847138301687104
15.498, 6.819605183003957
15.519, 6.792020487964097
15.539, 6.767007426818534
15.559, 6.743218662517991
15.58, 6.719555563179586
15.6, 6.698270079416749
15.621, 6.677232689701971
15.641, 6.6584468197663496
15.662, 6.640034579781192
15.682, 6.623750970871433
15.702, 6.6086908910723805
15.723, 6.594197874706207
15.743, 6.581656134881378
15.764, 6.569816609413864
15.784, 6.559812544988002
15.805, 6.550650553571878
15.825, 6.543210707625524
15.846, 6.536758041597008
15.866, 6.531916520463186
15.886, 6.528357232954269
15.907, 6.526012001607746
15.927, 6.525116673937317
15.948, 6.525596215930342
15.968, 6.527419670957818
15.989, 6.530786331937699
16.009, 6.535392650280939
16.029, 6.541382669217788
16.05, 6.549181988986976
16.07, 6.558068753299237
16.091, 6.568955467236929
16.111, 6.580829074900846
16.132, 6.594903914445235
16.152, 6.609866369075338
16.173, 6.62724307407886
16.193, 6.64540928235394
16.213, 6.6651841698989545
16.234, 6.687714617033436
16.254, 6.710890566036437
16.275, 6.7370698737873775
16.295, 6.763799121303002
16.316, 6.793796133962211
16.336, 6.824248458440271
16.356, 6.8565842593585025
16.377, 6.892615803551343
16.397, 6.928963574985024
16.418, 6.969320940268761
16.438, 7.009902229017071
16.459, 7.054830710057192
16.479, 7.0998918369422155
16.5, 7.1496641423201615
16.52, 7.199478962244006
16.54, 7.251721135072921
16.561, 7.30927137131105
16.581, 7.366732547100458
16.602, 7.429945197802603
16.622, 7.492982436339871
16.643, 7.56225316684917
16.663, 7.631264239056619
16.684, 7.707034058260674
16.704, 7.782462574918848
16.724, 7.8611978549250106
16.745, 7.947564962574753
16.765, 8.033475525848305
16.786, 8.127675389199288
16.806, 8.221346678505169
16.827, 8.324030073387267
16.847, 8.426118520295253
16.867, 8.532575058470051
16.888, 8.649258908675991
16.908, 8.765262695497764
16.929, 8.892419551275946
16.949, 9.018851039369286
16.97, 9.157463267859974
16.99, 9.295317219322307
17.011, 9.446496144111178
17.031, 9.596899390272426
17.051, 9.753878320746002
17.072, 9.926138135696181
17.092, 10.097633707299494
17.113, 10.28592579478176
17.133, 10.473493882548429
17.154, 10.679565491991506
17.174, 10.88498726707591
17.194, 11.099842528629134
17.215, 11.336163819573445
17.235, 11.57202751686345
17.256, 11.831689257854459
17.276, 12.091094403813127
17.297, 12.376959804631177
17.317, 12.662844914613936
17.338, 12.978242726238747
17.358, 13.29403171755656
17.378, 13.625821846905204
17.399, 13.992550603859687
17.419, 14.360456087149482
17.44, 14.767679593336183
17.46, 15.17681524938002
17.481, 15.63037852293806
17.501, 16.086811084831837
17.522, 16.593667243671074
17.542, 17.104635427409196
17.562, 17.64525770710138
17.583, 18.24730318422825
17.603, 18.856027035184308
17.624, 19.535352368113475
17.644, 20.22373899650917
17.665, 20.993755265634746
17.685, 21.775942278931634
17.705, 22.609973933228225
17.726, 23.546537767897572
17.746, 24.501782342731058
17.767, 25.577617776850243
17.787, 26.678298498591833
17.808, 27.92195735142954
17.828, 29.198678406223678
17.849, 30.64643555655252
17.869, 32.138307048070885
17.889, 33.752637108419925
17.91, 35.594440553327864
17.93, 37.504626892657164
17.951, 39.69427313334519
17.971, 41.97657364514157
17.992, 44.606694767005955
18.012, 47.36359288677086
18.032, 50.399973789094474
18.053, 53.93158923365439
18.073, 57.67009139093259
18.094, 62.050380612363234
18.114, 66.72388537183345
18.135, 72.24636122136064
18.155, 78.19260144178162
18.176, 85.28906278198765
18.196, 93.01267496522061
18.216, 101.86358228154344
18.237, 112.62332747827509
18.257, 124.5765013738076
18.278, 139.3538746505171
18.298, 156.10436501647976
18.319, 177.348286315175
18.339, 202.2413101861352
18.36, 235.21711819412135
18.38, 275.9957454025208
18.4, 330.2469371595044
18.421, 408.7698635270975
18.441, 513.8053713894805
18.462, 670.2511068711716
18.482, 881.3394624343315
18.503, 1194.3637791814913
18.523, 1614.6306702986235
18.543, 2206.3046372112562
18.564, 3093.856036747585
18.584, 4254.170950630501
18.605, 5643.2633649807185
18.625, 6662.421451519544
18.646, 7263.67921833008
18.666, 7009.400489524939
18.687, 5214.4317325808615
18.707, 3262.554488082831
18.727, 2054.6370354849896
18.748, 1387.2904362992078
18.768, 1008.5466556725197
18.789, 745.9127274869066
18.809, 575.7117007395536
18.83, 451.69205016498495
18.85, 367.9983999411451
18.87, 306.556991740569
18.891, 258.10965859469985
18.911, 222.4484729920327
18.932, 192.72641623228108
18.952, 169.78932623790922
18.973, 149.93461816599824
18.993, 134.14251081587005
19.014, 120.13693208260635
19.034, 108.76850120077853
19.054, 98.9632017143807
19.075, 90.05106375889419
19.095, 82.6567232523896
19.116, 75.85067059459261
19.136, 70.13813349463602
19.157, 64.82420182369084
19.177, 60.32028236775875
19.198, 56.09274810612731
19.218, 52.47952446626094
19.238, 49.21639956208769
19.259, 46.11913403495197
19.279, 43.44416468299963
19.3, 40.889037993959754
19.32, 38.669123208503684
19.341, 36.53680198030707
19.361, 34.67445088021582
19.381, 32.95890572102353
19.402, 31.299194805122163
19.422, 29.839743497172165
19.443, 28.421856208011675
19.463, 27.170071917209402
19.484, 25.949334979326352
19.504, 24.867722030479776
19.525, 23.809325069746468
19.545, 22.868488048017003
19.565, 21.987548642766992
19.586, 21.121615182846046
19.606, 20.3485319674187
19.627, 19.586556061051255
19.647, 18.90451556245319
19.668, 18.23060401855821
19.688, 17.625951644757045
19.708, 17.05486037220049
19.729, 16.48869669741343
19.749, 15.979093813614897
19.77, 15.472867991253093
19.79, 15.016330264585015
19.811, 14.561972685563186
19.831, 14.151477043884547
19.852, 13.742237719659979
19.872, 13.371891216772921
19.892, 13.019274624366489
19.913, 12.666917929724043
19.933, 12.347332069808292
19.954, 12.027527149795473
19.974, 11.737067642714116
19.995, 11.44602555285698
20.015, 11.181353484362285
20.035, 10.928193666061262
20.056, 10.67407291906603
20.076, 10.442579207776987
20.097, 10.209953450535274
20.117, 9.997818384270817
20.138, 9.784431088371333
20.158, 9.58965125376706
20.179, 9.393539465230292
20.199, 9.214368839824266
20.219, 9.042246033724108
20.24, 8.868730148957392
20.26, 8.710014071558692
20.281, 8.549893430364383
20.301, 8.403325136104273
20.322, 8.255358952653474
20.342, 8.119828457967568
20.363, 7.982921145336669
20.383, 7.857446952508852
20.403, 7.736556169585513
20.424, 7.614340235922004
20.444, 7.502246845262728
20.465, 7.38887336409829
20.485, 7.2848462393230475
20.506, 7.179590305458382
20.526, 7.082977178688988
20.546, 6.989765062878387
20.567, 6.895409014041028
20.587, 6.80876569019188
20.608, 6.721039709313638
20.628, 6.640469554133059
20.649, 6.558880456844902
20.669, 6.483938151305657
20.69, 6.408042420548178
20.71, 6.338327154216113
20.73, 6.271028275456257
20.751, 6.2028757298958555
20.771, 6.140279309343107
20.792, 6.076897269836325
20.812, 6.0186928421326975
20.833, 5.9597713235444925
20.853, 5.905678084191017
20.873, 5.853496505000697
20.894, 5.800700263537913
20.914, 5.752260407883054
20.935, 5.70327485818171
20.955, 5.658357061341511
20.976, 5.612962536331463
20.996, 5.5713675289407645
21.017, 5.529364708584875
21.037, 5.490911644050296
21.057, 5.453930690856607
21.078, 5.41664432556602
21.098, 5.382566656539328
21.119, 5.348252324831012
21.139, 5.316935808215714
21.16, 5.285451348912869
21.18, 5.256767034531398
21.201, 5.227983513238409
21.221, 5.201814497014088
21.241, 5.176833390931851
21.262, 5.1518554997272945
21.282, 5.129235917236195
21.303, 5.106688597956605
21.323, 5.086339471889048
21.344, 5.0661319179875255
21.364, 5.04797117537426
21.384, 5.03085068380326
21.405, 5.0139755588139145
21.425, 4.99893657201797
21.446, 4.984213310756895
21.466, 4.9711933950709595
21.487, 4.958560163664315
21.507, 4.947503857940016
21.528, 4.936905905262053
21.548, 4.927764279953759
21.568, 4.919540751376213
21.589, 4.911883768481965
21.609, 4.905513382458235
21.63, 4.899783488268905
21.65, 4.8952319669621485
21.671, 4.891396017143639
21.691, 4.888634440110527
21.711, 4.886737057706311
21.732, 4.885669334281212
21.752, 4.885528253911046
21.773, 4.886295316478339
21.793, 4.88789393060021
21.814, 4.890480787894227
21.834, 4.893807109348186
21.855, 4.898203540381285
21.875, 4.903250054069436
21.895, 4.909134271379155
21.916, 4.9162140038636615
21.936, 4.923815247246256
21.957, 4.932698952355126
21.977, 4.942020340527764
21.998, 4.952713470138272
22.018, 4.9637622534445445
22.039, 4.9762745673041895
22.059, 4.989062074369416
22.079, 5.0027030676465305
22.1, 5.01794919502992
22.12, 5.033353241217284
22.141, 5.050461261477754
22.161, 5.067649713414636
22.182, 5.086644156642446
22.202, 5.105642387790175
22.222, 5.125533859324603
22.243, 5.147389432880317
22.263, 5.169135913124637
22.284, 5.192957334607767
22.304, 5.216594296226845
22.325, 5.242420973376276
22.345, 5.267988018795639
22.366, 5.295863723887457
22.386, 5.323404641612952
22.406, 5.3519255904970935
22.427, 5.382940405830618
22.447, 5.41350826619666
22.468, 5.446700379992861
22.488, 5.4793696562391485
22.509, 5.514798621747112
22.529, 5.549628265547001
22.549, 5.5855345007883725
22.57, 5.624411849535399
22.59, 5.662574581338169
22.611, 5.703857598762739
22.631, 5.744347229501184
22.652, 5.788112326027094
22.672, 5.831004019225221
22.693, 5.8773326510430035
22.713, 5.922706418902686
22.733, 5.969321470289882
22.754, 6.01962596159853
22.774, 6.068851275765086
22.795, 6.121944396774276
22.815, 6.17387237813755
22.836, 6.229853814991493
22.856, 6.284581946949585
22.877, 6.343556735593991
22.897, 6.401187606407818
22.917, 6.460273210917577
22.938, 6.52390744569085
22.958, 6.586057852700502
22.979, 6.652969959269104
22.999, 6.718300365023516
23.02, 6.788613899961881
23.04, 6.8572444200071825
23.06, 6.92752977697605
23.081, 7.003143523936237
23.101, 7.076916423393699
23.122, 7.1562605590341395
23.142, 7.2336524563371425
23.163, 7.316867153065642
23.183, 7.398013480544932
23.204, 7.485242843610446
23.224, 7.5702825171724495
23.244, 7.657272681369378
23.265, 7.750748790820682
23.285, 7.841844037435397
23.306, 7.939706207029905
23.326, 8.035051051779961
23.347, 8.137451468433024
23.367, 8.237190984061995
23.387, 8.339126720101293
23.408, 8.448560292842487
23.428, 8.555104716750053
23.449, 8.669451586757257
23.469, 8.780744966633973
23.49, 8.900149983357574
23.51, 9.016327412564953
23.531, 9.140928794979827
23.551, 9.26211781773499
23.571, 9.385794814685744
23.592, 9.518362289537786
23.612, 9.64722057781666
23.633, 9.785280908751218
23.653, 9.919416226536967
23.674, 10.063060371209435
23.694, 10.20254918008209
23.715, 10.351845551404754
23.735, 10.49674050422205
23.755, 10.64428321408082
23.776, 10.802054719637013
23.796, 10.955026657448835
23.817, 11.118488350144839
23.837, 11.276859359471683
23.858, 11.44595717402337
23.878, 11.60965269237377
23.898, 11.775903209709144
23.919, 11.953175925191905
23.939, 12.124541952482952
23.96, 12.307080352230196
23.98, 12.48334391921948
24.001, 12.670882363840374
24.021, 12.85175329126812
24.042, 13.043945696237245
24.062, 13.229052738264564
24.082, 13.4160647193246
24.103, 13.61434512100252
24.123, 13.804871683502764
24.144, 14.006535468520633
24.164, 14.199965498512178
24.185, 14.404313917392221
24.205, 14.599925791900432
24.225, 14.796305118203287
24.246, 15.003095562010968
24.266, 15.20036507932156
24.287, 15.4075705298696
24.307, 15.604709553418912
24.328, 15.81119307550768
24.348, 16.00705686352542
24.369, 16.211552078800384
24.389, 16.40487430740867
24.409, 16.59646222700954
24.43, 16.795389291649194
24.45, 16.982341790538737
24.471, 17.175609642509517
24.491, 17.356396215220542
24.512, 17.542354139352234
24.532, 17.715366413729505
24.552, 17.883985493049032
24.573, 18.055869972151488
24.593, 18.214231321123247
24.614, 18.37445904005782
24.634, 18.520877173804468
24.655, 18.667688441755836
24.675, 18.80050658402505
24.696, 18.932192445499723
24.716, 19.049822432931812
24.736, 19.159498866573195
24.757, 19.265731952508865
24.777, 19.358074504012883
24.798, 19.445433051586086
24.818, 19.519205704960505
24.839, 19.586497910744257
24.859, 19.64067559600075
24.88, 19.686949502005447
24.9, 19.720751548953178
24.92, 19.74441168140095
24.941, 19.75824332627331
24.961, 19.760873329968312
24.982, 19.752544323495734
25.002, 19.73406741413311
25.023, 19.703653273324235
25.043, 19.6642895339964
25.063, 19.614904639714442
25.084, 19.552433999270736
25.104, 19.483020693285923
25.125, 19.399963567201226
25.145, 19.31142757410357
25.166, 19.208860461060116
25.186, 19.10233826540937
25.207, 18.981561694483904
25.227, 18.858384431890503
25.247, 18.72761384914709
25.268, 18.582535669289832
25.288, 18.437363340148327
25.309, 18.27801338689268
25.329, 18.12007581277655
25.35, 17.94820365673935
25.37, 17.7791867750249
25.39, 17.605381682238523
25.411, 17.418173127856456
25.431, 17.235805622056255
25.452, 17.040479102052046
25.472, 16.851197639082987
25.493, 16.64945181954749
25.513, 16.45483735027025
25.534, 16.248287740171982
25.554, 16.049831709897557
25.574, 15.850011558901748
25.595, 15.639078342898026
25.615, 15.437435882034118
25.636, 15.22523978189457
25.656, 15.02298340018353
25.677, 14.81072770682914
25.697, 14.60894040741687
25.718, 14.397695987349875
25.738, 14.197334780977046
25.758, 13.997979183660938
25.779, 13.789939581423088
25.799, 13.593206809834811
25.82, 13.388282006439868
25.84, 13.194831601623981
25.861, 12.993656374911076
25.881, 12.804039884949834
25.901, 12.61646343828466
25.922, 12.421809350098178
25.942, 12.238705835293185
25.963, 12.048927212686639
25.983, 11.870617147820653
26.004, 11.686008934171939
26.024, 11.512735848167233
26.045, 11.3335168761982
26.065, 11.165456235800276
26.085, 10.999983694990005
26.106, 10.829046151454065
26.126, 10.668939371856156
26.147, 10.503663676027909
26.167, 10.348964653607727
26.188, 10.189372627056247
26.208, 10.040082607755675
26.228, 9.89342102166558
26.249, 9.742242660242887
26.269, 9.600930183620719
26.29, 9.455332779471481
26.31, 9.319295779329055
26.331, 9.179190338446269
26.351, 9.048334059391593
26.372, 8.913611712260119
26.392, 8.787824521988256
26.412, 8.664465454411756
26.433, 8.537517775752484
26.453, 8.41903830047558
26.474, 8.297142350920021
26.494, 8.183403828340593
26.515, 8.066410555553382
26.535, 7.957268295962053
26.556, 7.845023473411499
26.576, 7.740328891820174
26.596, 7.637749303025207
26.617, 7.5322776274220935
26.637, 7.433921266204765
26.658, 7.33280459470262
26.678, 7.238520422225502
26.699, 7.141600667630515
26.719, 7.051238858828842
26.739, 6.962736643224632
26.76, 6.871772590612494
26.78, 6.786974019678585
26.801, 6.699823177072347
26.821, 6.61858508032487
26.842, 6.535099007447805
26.862, 6.457281924987014
26.883, 6.377316301395954
26.903, 6.3027848821176535
26.923, 6.2298084254529345
26.944, 6.154823164895458
26.964, 6.084939210237721
26.985, 6.013135340683016
27.005, 5.946219853967268
27.026, 5.877469644533981
27.046, 5.813403381544644
27.066, 5.750685168262773
27.087, 5.686252719520281
27.107, 5.62621527765047
27.128, 5.564540728981971
27.148, 5.507076852981434
27.169, 5.448050160032502
27.189, 5.39305743228746
27.21, 5.336573543365661
27.23, 5.283954262524617
27.25, 5.232458702471502
27.271, 5.179574121345555
27.291, 5.130315174418663
27.312, 5.079733105116643
27.332, 5.032624373213869
27.353, 4.984256391835953
27.373, 4.93921581527247
27.394, 4.892977986210849
27.414, 4.849927714757627
27.434, 4.807821305549049
27.455, 4.764606713015395
27.475, 4.724382287052086
27.496, 4.683107603395648
27.516, 4.6446972032454035
27.537, 4.605293055244742
27.557, 4.568632465848274
27.577, 4.5328032318389395
27.598, 4.496061956918129
27.618, 4.461893637075865
27.639, 4.426866763020839
27.659, 4.394303887137258
27.68, 4.360934917077661
27.7, 4.3299253124328025
27.721, 4.298161149344399
27.741, 4.268655822901871
27.761, 4.239867439333755
27.782, 4.210399674617899
27.802, 4.183048321290328
27.823, 4.155067247908401
27.843, 4.129111366666253
27.864, 4.102574837575689
27.884, 4.0779756830062714
27.904, 4.054025108643463
27.925, 4.0295660035016105
27.945, 4.006919520316128
27.966, 3.9838125089086054
27.986, 3.9624379853870453
28.007, 3.9406506625692264
28.027, 3.92051848816987
28.048, 3.900021058625281
28.068, 3.8811040745374465
28.088, 3.8627707319809512
28.109, 3.8441427198266998
28.129, 3.8269885645580546
28.15, 3.8095872099680625
28.17, 3.7935909240893353
28.191, 3.777395035804398
28.211, 3.7625375621040327
28.231, 3.7482293605994164
28.252, 3.733792802114958
28.272, 3.720599157961744
28.293, 3.7073254665286486
28.313, 3.6952327851189093
28.334, 3.683108816559864
28.354, 3.6721056506540335
28.375, 3.6611205050996203
28.395, 3.6511975365221154
28.415, 3.641798749462188
28.436, 3.6324925701092896
28.456, 3.6241640327537525
28.477, 3.6159792091456735
28.497, 3.6087168613362266
28.518, 3.6016502394412413
28.538, 3.595452135307738
28.559, 3.58950278541618
28.579, 3.5843691031472362
28.599, 3.579755358925246
28.62, 3.5754713912215665
28.64, 3.5719263009508633
28.661, 3.568767045993266
28.681, 3.566296154757403
28.702, 3.5642685888629275
28.722, 3.5628796483206506
28.742, 3.5620219751782596
28.763, 3.5616960893092253
28.783, 3.561936065479044
28.804, 3.562769450830973
28.824, 3.5641204924779637
28.845, 3.5661284692354647
28.865, 3.5686063550893845
28.886, 3.5718067536321776
28.906, 3.575429682528486
28.926, 3.5796185176019613
28.947, 3.584631560355828
28.967, 3.5899971300920868
28.988, 3.5962582667814837
29.008, 3.6028250737170504
29.029, 3.6103614182977983
29.049, 3.618156624356565
29.069, 3.626561726533725
29.09, 3.6360516274363923
29.11, 3.6457306295202905
29.131, 3.6565756608121824
29.151, 3.667562682188697
29.172, 3.67980020117298
29.192, 3.6921322994540504
29.213, 3.7058027912431806
29.233, 3.719520043130359
29.253, 3.733928451847031
29.274, 3.749812783834551
29.294, 3.76567172673064
29.315, 3.783103853773508
29.335, 3.800461245811973
29.356, 3.819493184773164
29.376, 3.838400204125578
29.397, 3.859087424682072
29.417, 3.879598559222306
29.437, 3.900912965501302
29.458, 3.924173099494624
29.478, 3.9471788684657994
29.499, 3.972247466914544
29.519, 3.9970073905889607
29.54, 4.0239521210311375
29.56, 4.0505322822855145
29.58, 4.078025313407167
29.601, 4.107893914753918
29.621, 4.137311392784195
29.642, 4.169239023321406
29.662, 4.200654725989455
29.683, 4.2347203235832085
29.703, 4.268210761026304
29.724, 4.304495972350674
29.744, 4.34014005821514
29.764, 4.3768639530477245
29.785, 4.416607458271012
29.805, 4.455605891796504
29.826, 4.497781004149669
29.846, 4.539136710671659
29.867, 4.583830570071971
29.887, 4.627626577847714
29.907, 4.672642942573471
29.928, 4.721244795277917
29.948, 4.76882336786792
29.969, 4.820157454759176
29.989, 4.870377254346586
30.01, 4.924524587070544
30.03, 4.977460469345697
30.051, 5.034496728221253
30.071, 5.090217474661037
30.091, 5.147319238916518
30.112, 5.208776874395457
30.132, 5.268749618213998
30.153, 5.333246172929197
30.173, 5.396132876350593
30.194, 5.4637056595598
30.214, 5.52953352455171
30.235, 5.600201342933164
30.255, 5.6689779821340816
30.275, 5.739188795190476
30.296, 5.814445986257865
30.316, 5.88757120957125
30.337, 5.965860938960055
30.357, 6.041839583680597
30.378, 6.123079206667341
30.398, 6.201813402413811
30.418, 6.281843588639014
30.439, 6.367227429982688
30.459, 6.4497862816394775
30.48, 6.537718882069295
30.5, 6.622590050219115
30.521, 6.712814171210189
30.541, 6.799722425837027
30.562, 6.8919156496334555
30.582, 6.980520577466603
30.602, 7.069808470279703
30.623, 7.1641791545441205
30.643, 7.254524439315756
30.664, 7.3497398445901165
30.684, 7.440617078341121
30.705, 7.536083616261988
30.725, 7.626887238036798
30.745, 7.71741097184326
30.766, 7.8119708929754195
30.786, 7.901372106063919
30.807, 7.994343062546894
30.827, 8.081822387832856
30.848, 8.172328527613265
30.868, 8.257019527408508
30.889, 8.344120394283657
30.909, 8.425101707625014
30.929, 8.503926757781358
30.95, 8.584119100170058
30.97, 8.657798630730369
30.991, 8.732074237939619
31.011, 8.799630924311407
31.032, 8.866970600618366
31.052, 8.92744733185796
31.073, 8.986867994721726
31.093, 9.039356714853092
31.113, 9.087641973650946
31.134, 9.133614257546128
31.154, 9.172716818778483
31.175, 9.208823415806796
31.195, 9.244977225568373
31.216, 9.443842229468919
31.236, 11.031146111503592
31.256, 16.908162554389456
31.277, 24.379690599865977
31.297, 22.03533004108089
31.318, 13.809434446161099
31.338, 10.034795247068795
31.359, 9.32974772677511
31.379, 9.265906477893141
31.4, 9.239312237723146
31.42, 9.210194397863061
31.44, 9.176164905386022
31.461, 9.135273977109074
31.481, 9.09157067947914
31.502, 9.040867399700572
31.522, 8.98817899871078
31.543, 8.928449011667588
31.563, 8.86757624536396
31.583, 8.803027843904726
31.604, 8.731534602220435
31.624, 8.660138231804991
31.645, 8.581951852127863
31.665, 8.504660924201238
31.686, 8.420792275496257
31.706, 8.3385723384802
31.727, 8.250031680860921
31.747, 8.163835821036699
31.767, 8.076036995425193
31.788, 7.982356762896113
31.808, 7.891933031547539
31.829, 7.7959459470259125
31.849, 7.703737510337772
31.87, 7.606291469278336
31.89, 7.513071022397998
31.911, 7.414938999399151
31.931, 7.321404941427928
31.951, 7.227948010517208
31.972, 7.130052763678478
31.992, 7.037177294407171
32.013, 6.940167630983428
32.033, 6.848378550370616
32.054, 6.752744893837774
32.074, 6.662472303522309
32.094, 6.573074105486859
32.115, 6.480231994172347
32.135, 6.392861127804404
32.156, 6.302294307984826
32.176, 6.21721524414493
32.197, 6.12917098767964
32.217, 6.04659178663901
32.238, 5.961261399039143
32.258, 5.881339934331071
32.278, 5.802758730401247
32.299, 5.721715372832357
32.319, 5.645947062807747
32.34, 5.567892520468175
32.36, 5.494996197385666
32.381, 5.419976056495652
32.401, 5.3499807209194
32.421, 5.281403256110254
32.442, 5.210920995966081
32.462, 5.145242291918293
32.483, 5.077792373905038
32.503, 5.0149865832245295
32.524, 4.950533409343032
32.544, 4.890559420866375
32.565, 4.829053099902825
32.585, 4.771857730783478
32.605, 4.715995590146601
32.626, 4.658757960360171
32.646, 4.605578815217148
32.667, 4.551121140784643
32.687, 4.500552932526549
32.708, 4.448797202455329
32.728, 4.400763819326122
32.748, 4.353938513774443
32.769, 4.30605145918978
32.789, 4.26164352510905
32.81, 4.216252736664386
32.83, 4.174182193231332
32.851, 4.131203748237941
32.871, 4.091390940610542
32.892, 4.050741695134199
32.912, 4.013108084153944
32.932, 3.9765095015900216
32.953, 3.939175214043084
32.973, 3.9046423719678396
32.994, 3.869438290970689
33.014, 3.8368979011016133
33.035, 3.803748506218946
33.055, 3.7731300828694305
33.076, 3.7419629434954267
33.096, 3.713199064848772
33.116, 3.685316350135686
33.137, 3.656971576426992
33.157, 3.630849164023363
33.178, 3.604321234493096
33.198, 3.5799000388600866
33.219, 3.555128750017328
33.239, 3.532353196585838
33.259, 3.510361295967088
33.28, 3.4881001191702006
33.3, 3.467677750605799
33.321, 3.4470395886578964
33.341, 3.428140027359888
33.362, 3.409077685447534
33.382, 3.391657756586837
33.403, 3.374127755971805
33.423, 3.358147810702132
33.443, 3.342856961664666
33.464, 3.3275342433028277
33.484, 3.3136308450162333
33.505, 3.299748218438677
33.525, 3.2872012502244283
33.546, 3.274727936176462
33.566, 3.263509782816776
33.586, 3.252930826676541
33.607, 3.2425049776868424
33.627, 3.2332199813465334
33.648, 3.2241422362915597
33.668, 3.2161319200728022
33.689, 3.2083837751214146
33.709, 3.201632169248285
33.73, 3.195198588462782
33.75, 3.189693020893739
33.77, 3.1847916697733907
33.791, 3.180293521508701
33.811, 3.1766254543773753
33.832, 3.1734194813256766
33.852, 3.1709802393995203
33.873, 3.1690635060689565
33.893, 3.1678519642608194
33.914, 3.1672250532160957
33.934, 3.1672434570595174
33.954, 3.1678636764257497
33.975, 3.1691645309010466
33.995, 3.1710243873258723
34.016, 3.1736321096150446
34.036, 3.1767424849842283
34.057, 3.1806703849189812
34.077, 3.185045773493002
34.097, 3.190044615716164
34.118, 3.1959696216050686
34.138, 3.2022619598631037
34.159, 3.209557207996805
34.179, 3.217167023320672
34.2, 3.225859806455692
34.22, 3.2348151449938904
34.241, 3.2449371140003054
34.261, 3.2552702636551265
34.281, 3.266288561295026
34.302, 3.278605316303307
34.322, 3.2910577516137542
34.343, 3.3049026886644257
34.363, 3.3188330288705132
34.384, 3.334254722436781
34.404, 3.3497117938431105
34.424, 3.365932930931909
34.445, 3.3838022745311336
34.465, 3.40163280861848
34.486, 3.421224199212447
34.506, 3.4407269305807837
34.527, 3.4621095484719566
34.547, 3.483353553084995
34.568, 3.5066033950663473
34.588, 3.5296644692028787
34.608, 3.553641574767799
34.629, 3.579825999230134
34.649, 3.6057464660566905
34.67, 3.6340200985949966
34.69, 3.661978727049067
34.711, 3.6924455993644365
34.731, 3.7225459180262086
34.752, 3.755319604755972
34.772, 3.7876746130896852
34.792, 3.821173542430402
34.813, 3.8576120673941983
34.833, 3.893553169045018
34.854, 3.9326281059550285
34.874, 3.971151827563714
34.895, 4.013017273115592
34.915, 4.054276991374536
34.935, 4.096931233469216
34.956, 4.143264640720997
34.976, 4.188909914187289
34.997, 4.238482296828527
35.017, 4.287310364259177
35.038, 4.340332543863101
35.058, 4.392553723563568
35.079, 4.449257144228361
35.099, 4.505102571746709
35.119, 4.562806752482994
35.14, 4.625466182500385
35.16, 4.687182906428606
35.181, 4.75420676943153
35.201, 4.82023169256683
35.222, 4.891946962056273
35.242, 4.962608371982692
35.262, 5.035661731601549
35.283, 5.115042692955819
35.303, 5.193292533420938
35.324, 5.278350921518535
35.344, 5.362231125386679
35.365, 5.453450562037186
35.385, 5.543450726411679
35.406, 5.641378467297112
35.426, 5.738054227538949
35.446, 5.838211158199278
35.467, 5.947299066765918
35.487, 6.055108847438429
35.508, 6.1726281886689645
35.528, 6.288873302580527
35.549, 6.415708732422404
35.569, 6.541297929625852
35.59, 6.678480560220909
35.61, 6.814476892534057
35.63, 6.955991117027973
35.651, 7.1108735609051115
35.671, 7.264740650980365
35.692, 7.433407157995392
35.712, 7.6012486065195395
35.733, 7.785562888854568
35.753, 7.969325082051175
35.773, 8.161678576422979
35.794, 8.373569092925406
35.814, 8.585523654167
35.835, 8.819572743646132
35.855, 9.054293344479092
35.876, 9.314185631234462
35.896, 9.57556986548811
35.917, 9.865859812773753
35.937, 10.15874356840614
35.957, 10.46909939776922
35.978, 10.81553385967879
35.998, 11.166930487510536
36.019, 11.56068535793614
36.039, 11.961684465192691
36.06, 12.412909486354499
36.08, 12.874449312258358
36.1, 13.370407825832265
36.121, 13.932371192801682
36.141, 14.511348643088388
36.162, 15.170909921217142
36.182, 15.857685514882988
36.203, 16.691823280581605
36.223, 17.763062018008856
36.244, 19.195623947942153
36.264, 20.250751639163976
36.284, 20.888942678676056
36.305, 21.810936569113778
36.325, 23.073843397728403
36.346, 24.638309808966216
36.366, 26.31806468857688
36.387, 28.306454875467686
36.407, 30.450810304316118
36.427, 32.88344163108506
36.448, 35.805571001780294
36.468, 39.00635250806186
36.489, 42.895146068116446
36.509, 47.205904620348946
36.53, 52.50925084231727
36.55, 58.46460822564478
36.571, 65.8888744014698
36.591, 74.33609517040396
36.611, 84.44393259161056
36.632, 97.26517214312533
36.652, 112.05502957933857
36.673, 130.8596777849879
36.693, 152.40763569742717
36.714, 179.30014239153536
36.734, 209.70635896423317
36.755, 250.53531195092924
36.775, 306.0069262335197
36.795, 374.0949610153878
36.816, 423.2410756640342
36.836, 434.5830908632521
36.857, 478.8427838770394
36.877, 616.2543181220593
36.898, 779.5990424033319
36.918, 780.647855647701
36.938, 599.6520542129159
36.959, 374.32833769329073
36.979, 240.6878541419081
37.0, 175.55152970979742
37.02, 143.65534775976622
37.041, 120.53283075722904
37.061, 103.24707868960786
37.082, 88.6288954537164
37.102, 77.33935037711633
37.122, 68.0695767366983
37.143, 60.050005044049875
37.163, 53.70583554376296
37.184, 48.12533354209958
37.204, 43.64016133418986
37.225, 39.636895132545874
37.245, 36.37654264621086
37.265, 33.5627708144937
37.286, 31.010617512732168
37.306, 28.903777528682607
37.327, 26.98107984083525
37.347, 25.387895361146978
37.368, 23.932845097891512
37.388, 22.730822101886133
37.409, 21.642117084382104
37.429, 20.756937796301667
37.449, 20.01093752316178
37.47, 19.372733132214776
37.49, 18.903566691979705
37.511, 18.563395894697365
37.531, 18.39883492944124
37.552, 18.420233856168377
37.572, 18.666842355811102
37.593, 19.234398023215988
37.613, 20.177003760159593
37.633, 21.693430390755257
37.654, 24.33983746443775
37.674, 29.130154059420214
37.695, 40.19626546084912
37.715, 60.73570996929464
37.736, 87.78615306338041
37.756, 99.5867609831757
37.776, 87.88121741685505
37.797, 68.60637169867512
37.817, 61.020218895182005
37.838, 61.424033510747314
37.858, 58.64687995618192
37.879, 47.921709822376215
37.899, 34.81246435534226
37.92, 24.187580717645197
37.94, 18.691933029430402
37.96, 16.243211046374494
37.981, 15.11582748240142
38.001, 14.5296113001671
38.022, 14.124887412560659
38.042, 13.875884831772543
38.063, 13.7441986483627
38.083, 13.741232131729998
38.103, 13.861630611939542
38.124, 14.130331892991457
38.144, 14.53673089700006
38.165, 15.145514976704405
38.185, 15.931099188409906
38.206, 17.020853089238482
38.226, 18.375277784411516
38.247, 20.22716609242323
38.267, 22.533067058300556
38.287, 25.566211990486412
38.308, 29.884288230812388
38.328, 35.63547044833692
38.349, 44.327936516512594
38.369, 56.22389319043826
38.39, 73.31638662487701
38.41, 93.3531084670247
38.431, 115.34952982989769
38.451, 133.67344896674425
38.471, 149.6543511013327
38.492, 169.57127045867824
38.512, 194.11855887766038
38.533, 216.61272792118612
38.553, 218.74104606617962
38.574, 191.78787753677722
38.594, 147.42422707870378
38.614, 101.56110252623066
38.635, 64.34732611300193
38.655, 42.136700054769214
38.676, 29.386129441278896
38.696, 23.00781374418496
38.717, 19.170793549643314
38.737, 16.753368938127856
38.758, 14.865343819782717
38.778, 13.448061271614154
38.798, 12.293565383884609
38.819, 11.295119316289215
38.839, 10.50248452136524
38.86, 9.80114897937899
38.88, 9.23322031445162
38.901, 8.721870827736891
38.921, 8.301326434839664
38.941, 7.9345549427963
38.962, 7.597911640693807
38.982, 7.316283667374528
39.003, 7.055333597426131
39.023, 6.835206875036392
39.044, 6.6297692545374085
39.064, 6.45539397801432
39.085, 6.29180707327585
39.105, 6.152361400509789
39.125, 6.0270331932801
39.146, 5.908958395937622
39.166, 5.8080210989350745
39.187, 5.712883957587527
39.207, 5.631605726678656
39.228, 5.555135330181943
39.248, 5.490005958369663
39.269, 5.429008820355238
39.289, 5.377384348319679
39.309, 5.331583836730347
39.33, 5.289302204654336
39.35, 5.2541811989368
39.371, 5.222346640038319
39.391, 5.196530966472637
39.412, 5.1738701566496
39.432, 5.156288185810892
39.452, 5.1424057535117935
39.473, 5.13161754987041
39.493, 5.124787633388191
39.514, 5.121078489958258
39.534, 5.120715147865269
39.555, 5.1235402074449325
39.575, 5.129184414946049
39.596, 5.138117929700931
39.616, 5.149412303030547
39.636, 5.1633585253501
39.657, 5.180793726322128
39.677, 5.200005773785433
39.698, 5.2228683730082555
39.718, 5.247166083173234
39.739, 5.2752943030560235
39.759, 5.304547234360989
39.779, 5.336182553616666
39.8, 5.3719448867940125
39.82, 5.408414204270894
39.841, 5.449226063170175
39.861, 5.490485993733754
39.882, 5.536314666877105
39.902, 5.582344718662197
39.923, 5.633178247417324
39.943, 5.6839746176829165
39.963, 5.737098059423272
39.984, 5.795384807858152
40.004, 5.8532865779349725
40.025, 5.916596493491293
40.045, 5.979287298565351
40.066, 6.04762946606049
40.086, 6.115114095091888
40.106, 6.184935138434898
40.127, 6.260757096654494
40.147, 6.335351377057691
40.168, 6.416165608661939
40.188, 6.495487914892866
40.209, 6.581228992675261
40.229, 6.665197256058999
40.25, 6.755755272664819
40.27, 6.844239267452337
40.29, 6.934861072790794
40.311, 7.032256254431268
40.331, 7.12708385620812
40.352, 7.228745847930784
40.372, 7.32747305975416
40.393, 7.433032175985609
40.413, 7.535257409353406
40.434, 7.6442361693401395
40.454, 7.749448010473671
40.474, 7.8558944998320674
40.495, 7.968809966331699
40.515, 8.077250232338182
40.536, 8.191837439937396
40.556, 8.301432646798652
40.577, 8.416734920475285
40.597, 8.526500859574693
40.617, 8.635949020082249
40.638, 8.750215267692761
40.658, 8.858103202022162
40.679, 8.970050080524535
40.699, 9.075051001772351
40.72, 9.183227133954922
40.74, 9.283911872452869
40.761, 9.38677905815111
40.781, 9.481660351728449
40.801, 9.573169692277535
40.822, 9.665245589887096
40.842, 9.748767632101886
40.863, 9.831726476630221
40.883, 9.905894482584728
40.904, 9.978349068976295
40.924, 10.041875634688505
40.944, 10.099750697184204
40.965, 10.154103980491845
40.985, 10.199444234215056
41.006, 10.239985804767416
41.026, 10.271602992118117
41.047, 10.297244678600608
41.067, 10.314874195372619
41.088, 10.34602755456574
41.108, 10.635708359810499
41.128, 12.31445214962008
41.149, 16.274184204030615
41.169, 17.755728239062726
41.19, 14.259224111246432
41.21, 11.204458522794026
41.231, 10.28905587853069
41.251, 10.158255404147058
41.272, 10.103740792742538
41.292, 10.050773238367876
41.312, 9.993244414253105
41.333, 9.928196475190651
41.353, 9.86216768288904
41.374, 9.788935592344986
41.394, 9.715839391577983
41.415, 9.635962567388917
41.435, 9.557280214925566
41.455, 9.476407044893365
41.476, 9.389506487665045
41.496, 9.305201479945586
41.517, 9.215419009839483
41.537, 9.129031496345227
41.558, 9.037728084450741
41.578, 8.950496251535203
41.599, 8.858907348631334
41.619, 8.771943833870727
41.639, 8.685475443122
41.66, 8.595454992795904
41.68, 8.510667031020159
41.701, 8.422841263890083
41.721, 8.340522084469113
41.742, 8.255653944450772
41.762, 8.176470646494629
41.782, 8.099025240560275
41.803, 8.019709345638962
41.823, 7.946190161867049
41.844, 7.871224754918574
41.864, 7.802044402287355
41.885, 7.731818680479252
41.905, 7.667308992998829
41.926, 7.602133892391763
41.946, 7.542558306995213
41.966, 7.485467731267294
41.987, 7.428244592717616
42.007, 7.376378660976956
42.028, 7.324720947231288
42.048, 7.278222349810284
42.069, 7.2322624238169775
42.089, 7.191242844483247
42.11, 7.151085157440696
42.13, 7.115633885311379
42.15, 7.082926563871644
42.171, 7.051555146962882
42.191, 7.024523854944277
42.212, 6.999146705623782
42.232, 6.9778565936577825
42.253, 6.958541924165899
42.273, 6.943059124614294
42.293, 6.930434830169897
42.314, 6.920275794649545
42.334, 6.913570071732221
42.355, 6.909670872295776
42.375, 6.9089738534198055
42.396, 6.911437680406661
42.416, 6.916856808474253
42.437, 6.925807171218627
42.457, 6.937471247906353
42.477, 6.952235848590083
42.498, 6.9711193204837345
42.518, 6.992368567402071
42.539, 7.018161167650902
42.559, 7.046094288352647
42.58, 7.079023293514432
42.6, 7.113875048329095
42.62, 7.152198806407376
42.641, 7.1962525837540054
42.661, 7.2419198604855275
42.682, 7.2938582336194555
42.702, 7.347212763810547
42.723, 7.407423898815644
42.743, 7.468862841879187
42.764, 7.537794348200591
42.784, 7.607774877102716
42.804, 7.682107940402346
42.825, 7.764988042937096
42.845, 7.848670465801247
42.866, 7.941693103712439
42.886, 8.035366639175002
42.907, 8.139252367227897
42.927, 8.243650667081642
42.948, 8.359222974778072
42.968, 8.475184369579722
42.988, 8.597125892186439
43.009, 8.73186679651977
43.029, 8.866845527055618
43.05, 9.015869259209659
43.07, 9.165055411867401
43.091, 9.329676978511827
43.111, 9.494411383699633
43.131, 9.667275348510639
43.152, 9.857960741293248
43.172, 10.048744852474035
43.193, 10.259207779489902
43.213, 10.469810558380352
43.234, 10.702193206306594
43.254, 10.934808738722747
43.275, 11.191590985537223
43.295, 11.448763823325026
43.315, 11.718962025197035
43.336, 12.017520123917892
43.356, 12.31685999149913
43.377, 12.64790529272786
43.397, 12.980133856888804
43.418, 13.347934766331136
43.438, 13.717468141136152
43.458, 14.107041163330784
43.479, 14.539143051114793
43.499, 14.974163008493035
43.52, 15.457404859512474
43.54, 15.944697794576799
43.561, 16.486944040144518
43.581, 17.034743744315936
43.602, 17.64551887318417
43.622, 18.263839080926214
43.642, 18.92085456607928
43.663, 19.65590667521743
43.683, 20.40274271144461
43.704, 21.240520782250822
43.724, 22.094149928472152
43.745, 23.054626317647145
43.765, 24.036424631658498
43.786, 25.14490198212493
43.806, 26.28211617370533
43.826, 27.507317204432653
43.847, 28.89886274542306
43.867, 30.335543366691578
43.888, 31.974920467798476
43.908, 33.67589153798458
43.929, 35.62714452296627
43.949, 37.66311722082119
43.969, 39.89546073763291
43.99, 42.47990165873174
44.01, 45.202948080037636
44.031, 48.37816124845096
44.051, 51.74912226774661
44.072, 55.71158035710237
44.092, 59.95414276327574
44.113, 64.98601956920996
44.133, 70.42443150567391
44.153, 76.6074517347104
44.174, 84.05118450681334
44.194, 92.22164739990271
44.215, 102.16572816539679
44.235, 113.20285942187752
44.256, 126.79268747762708
44.276, 142.08281786347112
44.296, 160.44173037826266
44.317, 185.05764373747326
44.337, 215.3869252156497
44.358, 251.52721063909254
44.378, 290.2212914769978
44.399, 345.29899778457803
44.419, 418.84478846372775
44.44, 521.7120696394263
44.46, 644.5346522101179
44.48, 788.237679609525
44.501, 955.9383870477751
44.521, 1126.0671095376774
44.542, 1306.2906559396492
44.562, 1462.330012271343
44.583, 1581.6829499926748
44.603, 1624.8541126061336
44.623, 1582.6383350025835
44.644, 1450.491949522967
44.664, 1263.9634192408282
44.685, 1038.2993389519502
44.705, 824.8049985591335
44.726, 625.1257863407433
44.746, 469.6984795735992
44.767, 345.57111727098095
44.787, 260.76018798042816
44.807, 201.853351541292
44.828, 160.14986792467926
44.848, 133.3030466675533
44.869, 113.63955454781684
44.889, 99.93528628837744
44.91, 88.80438936224674
44.93, 80.21904548826865
44.951, 72.66469543215668
44.971, 66.50579835470128
44.991, 61.14218540672257
45.012, 56.209859176825894
45.032, 52.06881646281216
45.053, 48.21392434059541
45.073, 44.94374776553405
45.094, 41.871295947329735
45.114, 39.24261535620605
45.134, 36.866114685288075
45.155, 34.607795870683034
45.175, 32.65498445892513
45.196, 30.78723094268136
45.216, 29.162279583958675
45.237, 27.599196156160833
45.257, 26.23195694858992
45.278, 24.910085734754706
45.298, 23.748278440077677
45.318, 22.67167647387657
45.339, 21.623955045318546
45.359, 20.697362626547154
45.38, 19.79215292632526
45.4, 18.988665490965214
45.421, 18.20099517766241
45.441, 17.499528062050352
45.461, 16.84153441750382
45.482, 16.19354757634524
45.502, 15.613962230661677
45.523, 15.041637735389903
45.543, 14.528395932202296
45.564, 14.02032591451089
45.584, 13.563622933705684
45.605, 13.110495917913305
45.625, 12.702295127794827
45.645, 12.315269754980733
45.666, 11.930109710500284
45.686, 11.582127027731989
45.707, 11.235186219575567
45.727, 10.921181358575122
45.748, 10.607587834021245
45.768, 10.32330373855686
45.789, 10.038949947223454
45.809, 9.780786788653307
45.829, 9.53422518876397
45.85, 9.287085870497783
45.87, 9.062256926309054
45.891, 8.836613869057421
45.911, 8.63108897047752
45.932, 8.424577271032744
45.952, 8.236265380542775
45.972, 8.055678180493347
45.993, 7.873937065829555
46.013, 7.707961232439647
46.034, 7.540765183843196
46.054, 7.387932830736766
46.075, 7.2338421691146575
46.095, 7.092871472191364
46.116, 6.950626802041161
46.136, 6.820394556893237
46.156, 6.695034643302038
46.177, 6.568409379704414
46.197, 6.452362375134067
46.218, 6.335072313868772
46.238, 6.227518774409679
46.259, 6.1187546607145435
46.279, 6.018969274185801
46.299, 5.922735071056944
46.32, 5.8253532228836375
46.34, 5.735956262897987
46.361, 5.645461574077853
46.381, 5.562361284577987
46.402, 5.478217966087423
46.422, 5.400932501774139
46.443, 5.322662626772682
46.463, 5.250761902168915
46.483, 5.181345800520783
46.504, 5.111038381451785
46.524, 5.046450347193728
46.545, 4.981036865884629
46.565, 4.9209515655198635
46.586, 4.860108994292317
46.606, 4.804235542249625
46.627, 4.747675132161594
46.647, 4.695753621115981
46.667, 4.645674102323872
46.688, 4.595016063892706
46.708, 4.548552855356242
46.729, 4.501586639820518
46.749, 4.458544951150666
46.77, 4.415078030391001
46.79, 4.375285484239313
46.81, 4.337021637577907
46.831, 4.298452942442211
46.851, 4.26321978670815
46.872, 4.2277662845801105
46.892, 4.195440685011937
46.913, 4.162982592916325
46.933, 4.13345932347561
46.954, 4.103895266905164
46.974, 4.0770863192305535
46.994, 4.051574553703615
47.015, 4.026166882921018
47.035, 4.003269485633334
47.056, 3.9805803050768813
47.076, 3.9602507454446987
47.097, 3.9402399780863124
47.117, 3.9224485379678495
47.137, 3.905889605269073
47.158, 3.8898282703971243
47.178, 3.8757955386273286
47.199, 3.8623920934533387
47.219, 3.8509006010542426
47.24, 3.8401811858592096
47.26, 3.8312660923152495
47.281, 3.823278901451628
47.301, 3.8169973814090685
47.321, 3.8120285326980063
47.342, 3.808248644997377
47.362, 3.80604465803246
47.383, 3.805228959994351
47.403, 3.8059140062368995
47.424, 3.808210063200283
47.444, 3.811942302098738
47.465, 3.8175361895819213
47.485, 3.82451347943772
47.505, 3.833159316198666
47.526, 3.844103670037876
47.546, 3.8563784789169633
47.567, 3.871298974362915
47.587, 3.887535159560877
47.608, 3.9068181335103738
47.628, 3.927422888849299
47.648, 3.95033328703977
47.669, 3.977014049975508
47.689, 4.005075393010424
47.71, 4.037502604364908
47.73, 4.071393919039912
47.751, 4.110360004523487
47.771, 4.1509211458944915
47.792, 4.19740909047669
47.812, 4.245685276590036
47.832, 4.298181202758492
47.853, 4.358224678572088
47.873, 4.420505484445691
47.894, 4.491743416651867
47.914, 4.565675327782591
47.935, 4.650326029735905
47.955, 4.738307341049747
47.975, 4.834220322417578
47.996, 4.944390177621659
48.016, 5.059336103943468
48.037, 5.19179970336287
48.057, 5.330520671735838
48.078, 5.491056523333947
48.098, 5.659967043464136
48.119, 5.856465648764489
48.139, 6.0644131082786705
48.159, 6.295642772949023
48.18, 6.567337894289402
48.2, 6.858030486839876
48.221, 7.202504106104616
48.241, 7.5745054819011175
48.262, 8.019869551755448
48.282, 8.506256408028433
48.302, 9.065679931150694
48.323, 9.748525503413859
48.343, 10.51029119741511
48.364, 11.45559817438721
48.384, 12.529414712002389
48.405, 13.888810643757733
48.425, 15.46710598798435
48.446, 17.514202059459894
48.466, 19.95798468841567
48.486, 23.071175262123408
48.507, 27.443846996441646
48.527, 33.438010041370944
48.548, 43.18652711624673
48.568, 57.2748976631726
48.589, 76.39170599560467
48.609, 93.81084529048294
48.63, 104.33079767419255
48.65, 105.29431981473017
48.67, 102.17690037623238
48.691, 100.44417687197391
48.711, 101.54963147546385
48.732, 103.00091384214124
48.752, 101.7101746064739
48.773, 95.91249201940634
48.793, 86.29525307739961
48.813, 73.96863376683135
48.834, 60.04432648449713
48.854, 47.56834238196536
48.875, 36.527841310296104
48.895, 28.431723437931627
48.916, 22.3448944553899
48.936, 18.4033307834631
48.957, 15.648448300999707
48.977, 13.88189465782401
48.997, 12.625358701301806
49.018, 11.633138035904276
49.038, 10.878358068989273
49.059, 10.2162865397057
49.079, 9.675882994344034
49.1, 9.182870186077375
49.12, 8.772336292965175
49.14, 8.411045987891733
49.161, 8.077633660576574
49.181, 7.798271972886141
49.202, 7.53998488102718
49.222, 7.323343124447929
49.243, 7.123002614639483
49.263, 6.955085566438286
49.284, 6.800086742145502
49.304, 6.67057790724745
49.324, 6.556888772299727
49.345, 6.4528205972377295
49.365, 6.36686117156408
49.386, 6.289094154378784
49.406, 6.225848276885875
49.427, 6.169794962996513
49.447, 6.125449769832916
49.468, 6.087608515176517
49.488, 6.0592419560228326
49.508, 6.03781688088533
49.529, 6.02227553396646
49.549, 6.013664101949415
49.57, 6.010712460235244
49.59, 6.01336294729002
49.611, 6.02156069126884
49.631, 6.034259508648465
49.651, 6.051500661992831
49.672, 6.074273307906773
49.692, 6.100223165854464
49.713, 6.131769642606959
49.733, 6.165762340296352
49.754, 6.205462269135477
49.774, 6.246973478458317
49.795, 6.294338078337332
49.815, 6.342954370245153
49.835, 6.394913345942998
49.856, 6.4529921093526035
49.876, 6.511594794020791
49.897, 6.57651984100602
49.917, 6.641531641250214
49.938, 6.713080665825357
49.958, 6.7843091164112845
49.978, 6.858509258789377
49.999, 6.939577576561021
50.019, 7.019756641137283
50.04, 7.107026179252309
50.06, 7.19303917956468
50.081, 7.2863583204559434
50.101, 7.378058613655081
50.122, 7.477268021388178
50.142, 7.574495944744955
50.162, 7.674355439943825
50.183, 7.781988175582901
50.203, 7.887089193961392
50.224, 8.000104852481345
50.244, 8.110205793766943
50.265, 8.22832428552327
50.285, 8.34313033473019
50.306, 8.46600953484751
50.326, 8.585160952325934
50.346, 8.706278960668595
50.367, 8.83544515314608
50.387, 8.960228651498518
50.408, 9.092957262830925
50.428, 9.220836838149122
50.449, 9.35647809817337
50.469, 9.486783617687845
50.489, 9.61799732771142
50.51, 9.756532792223261
50.53, 9.888976629663361
50.551, 10.028324541376422
50.571, 10.161059106856094
50.592, 10.300177571511725
50.612, 10.432159908794102
50.633, 10.569904044447027
50.653, 10.700000754374265
50.673, 10.828744892535829
50.694, 10.962151800157871
50.714, 11.087209900738133
50.735, 11.216098994633134
50.755, 11.336243159213515
50.776, 11.459346140866217
50.796, 11.573408432815555
50.816, 11.684123212680257
50.837, 11.79653990183865
50.857, 11.89977595694392
50.878, 12.004030958065874
50.898, 12.099340392206646
50.919, 12.195314566198094
50.939, 12.283040124574148
50.96, 12.371774421853718
50.98, 12.453897275670354
51.0, 12.535151748279446
51.021, 12.622273789183513
51.041, 12.710937970855253
51.062, 12.815380835498479
51.082, 12.93186439933867
51.103, 13.085096080884629
51.123, 13.29412830800127
51.144, 13.667430338786847
51.164, 14.32325787552679
51.184, 15.478448672432119
51.205, 17.421726493544494
51.225, 19.821386456369137
51.246, 21.356855588279988
51.266, 20.058800425503634
51.287, 17.452437753927402
51.307, 15.437511148498208
51.327, 14.11157408618889
51.348, 13.283732830799057
51.368, 12.8222839668186
51.389, 12.513175451774382
51.409, 12.298103478955992
51.43, 12.112435603736936
51.45, 11.956353256375113
51.471, 11.805390838710728
51.491, 11.669394899760686
51.511, 11.538311907915453
51.532, 11.404163486833351
51.552, 11.278642642579985
51.573, 11.148481748745482
51.593, 11.025679452067331
51.614, 10.897725956642825
51.634, 10.776715922425039
51.654, 10.656527408331435
51.675, 10.531264460442534
51.695, 10.412942543744453
51.716, 10.289846708085568
51.736, 10.173824719227257
51.757, 10.053415015907076
51.777, 9.940219330906363
51.798, 9.82305982521811
51.818, 9.713223378967875
51.838, 9.605208489945603
51.859, 9.493875028238445
51.879, 9.389934205796877
51.9, 9.283098127152783
51.92, 9.183632351250456
51.941, 9.081677599797157
51.961, 8.987016813916329
51.982, 8.890252530217218
52.002, 8.80065625944567
52.022, 8.71360439949033
52.043, 8.624980402049324
52.063, 8.543257326288943
52.084, 8.460290185606336
52.104, 8.383999501953204
52.125, 8.306769593864587
52.145, 8.235962238769178
52.165, 8.167833804603033
52.186, 8.099177526911424
52.206, 8.036522716377196
52.227, 7.973588774273702
52.247, 7.916350706365179
52.268, 7.85906014106359
52.288, 7.807146185610733
52.309, 7.755384270698642
52.329, 7.70866921640717
52.349, 7.6644356127835405
52.37, 7.620616784867448
52.39, 7.581340395242063
52.411, 7.54262650911792
52.431, 7.508109758038762
52.452, 7.474278932980362
52.472, 7.444296862457758
52.492, 7.416437011713957
52.513, 7.389399038344059
52.533, 7.365688744211314
52.554, 7.342857535200669
52.574, 7.32300366640117
52.595, 7.304056756364791
52.615, 7.28773810895845
52.636, 7.27232332548684
52.656, 7.259190221361652
52.676, 7.247475531925477
52.697, 7.236599511731812
52.717, 7.227497218844251
52.738, 7.219147231647848
52.758, 7.212237247184446
52.779, 7.2059580471899665
52.799, 7.200793788806856
52.819, 7.196311676366989
52.84, 7.1922142272856515
52.86, 7.188769855768312
52.881, 7.185501844755338
52.901, 7.182595695723214
52.922, 7.179625109995084
52.942, 7.176744890197281
52.963, 7.173529773415978
52.983, 7.170157435952007
53.003, 7.166357739848435
53.024, 7.161776190491875
53.044, 7.156728234286054
53.065, 7.150592149478672
53.085, 7.1438690465534265
53.106, 7.13585930988896
53.126, 7.127413519848836
53.147, 7.117989069187263
53.167, 7.109046081862002
53.187, 7.100979790767176
53.208, 7.094553646621798
53.228, 7.0912506895587
53.249, 7.090862663208478
53.269, 7.092189782739974
53.29, 7.092331770283606
53.31, 7.087250385347928
53.33, 7.0730997598470156
53.351, 7.045643635878743
53.371, 7.0071943533509335
53.392, 6.9562904914526715
53.412, 6.901658917830973
53.433, 6.84221124657319
53.453, 6.786696446717746
53.474, 6.7311673666455905
53.494, 6.6809773460780635
53.514, 6.6326326027932625
53.535, 6.582723342165376
53.555, 6.53505524210453
53.576, 6.484168141142138
53.596, 6.4345500031768035
53.617, 6.381080908208768
53.637, 6.328830617735798
53.657, 6.275325906465444
53.678, 6.2178711880048345
53.698, 6.162023062956614
53.719, 6.10229333495521
53.739, 6.044463778389706
53.76, 5.98285222784708
53.78, 5.9234212052964255
53.801, 5.860328320145161
53.821, 5.799675816668123
53.841, 5.738562726645799
53.862, 5.673992804119937
53.882, 5.612203328025282
53.903, 5.547106216877183
53.923, 5.484983440425184
53.944, 5.41970714754772
53.964, 5.35756990923145
53.985, 5.292435159812367
54.005, 5.23057490970919
54.025, 5.168946768785628
54.046, 5.104551435804306
54.066, 5.043579439841295
54.087, 4.979991106252486
54.107, 4.919892662181856
54.128, 4.857323933486627
54.148, 4.7982868067766224
54.168, 4.7398268963714
54.189, 4.6791031393743925
54.209, 4.621931623166088
54.23, 4.5626269050348665
54.25, 4.506863733051684
54.271, 4.44909117102498
54.291, 4.394832390533928
54.312, 4.338681154765778
54.332, 4.2860011268131455
54.352, 4.234112276370584
54.373, 4.180492478659932
54.393, 4.130257764985958
54.414, 4.078392622955738
54.434, 4.029842252597701
54.455, 3.9797558816492096
54.475, 3.9329060933029747
54.495, 3.8868880729175492
54.516, 3.8394640616541222
54.536, 3.795149176837335
54.557, 3.749509203488886
54.577, 3.706887249691486
54.598, 3.6630163568697514
54.618, 3.6220694229936297
54.639, 3.579945332683261
54.659, 3.5406492294011587
54.679, 3.502148078940225
54.7, 3.462569284195747
54.72, 3.4256740424218237
54.741, 3.387763648519733
54.761, 3.352439678362391
54.782, 3.3161598946010016
54.802, 3.2823700594899456
54.823, 3.2476808963118495
54.843, 3.2153863414081383
54.863, 3.183806753002243
54.884, 3.151407190662022
54.904, 3.1212633058031285
54.925, 3.090350000348695
54.945, 3.0616013766625945
54.966, 3.032131917468676
54.986, 3.0047383147315565
55.006, 2.9779912543500124
55.027, 2.950592451959595
55.047, 2.9251416897187483
55.068, 2.899083757836531
55.088, 2.8748910148811473
55.109, 2.850134378371201
55.129, 2.8271626027680177
55.15, 2.80366907611084
55.17, 2.7818826261738065
55.19, 2.7606619141340967
55.211, 2.7389803778751767
55.231, 2.718894882546494
55.252, 2.6983885261586216
55.272, 2.67940669029695
55.293, 2.66004331687209
55.313, 2.6421353882089207
55.333, 2.624741080597284
55.354, 2.6070228270005473
55.374, 2.5906616352820397
55.395, 2.5740147660894204
55.415, 2.558661676003113
55.436, 2.5430609580130046
55.456, 2.5286929280843444
55.477, 2.514115214582173
55.497, 2.5007112034017975
55.517, 2.4877704176882003
55.538, 2.4746764490662314
55.558, 2.4626721262655944
55.579, 2.4505527899765003
55.599, 2.439468958198739
55.62, 2.4283085691535566
55.64, 2.418131329023182
55.661, 2.407916389345888
55.681, 2.3986339357185242
55.701, 2.389784316104665
55.722, 2.38095580595825
55.742, 2.3729873396707064
55.763, 2.365080356006562
55.783, 2.357986566257511
55.804, 2.350995459882739
55.824, 2.3447720735502844
55.844, 2.3389723986556796
55.865, 2.333338526149435
55.885, 2.3284070771000582
55.906, 2.323685283610173
55.926, 2.319623489380542
55.947, 2.3158165284617875
55.967, 2.312628223845508
55.988, 2.3097414168157155
56.008, 2.3074329249136025
56.028, 2.305556678036039
56.049, 2.3040544824640445
56.069, 2.303072271177646
56.09, 2.302515251103641
56.11, 2.302440037750108
56.131, 2.302843302726675
56.151, 2.3036909412216513
56.171, 2.304995414918638
56.192, 2.3068621080259857
56.212, 2.3091187138714826
56.233, 2.3119971804852515
56.253, 2.315229690754978
56.274, 2.319146718542763
56.294, 2.323382441954633
56.315, 2.3283686562010124
56.335, 2.3336386824200344
56.355, 2.3394257379544747
56.376, 2.3460682963418806
56.396, 2.352943513522607
56.417, 2.360749961390592
56.437, 2.368755119959658
56.458, 2.3777718562839043
56.478, 2.3869536554175874
56.498, 2.3967279633264127
56.519, 2.4076429510492607
56.539, 2.4186734226311173
56.56, 2.4309385396036536
56.58, 2.4432861042566683
56.601, 2.456968756402272
56.621, 2.4707010332131976
56.642, 2.4858759927761507
56.662, 2.501067964281855
56.682, 2.5170016065133565
56.703, 2.5345529077050233
56.723, 2.552073116435247
56.744, 2.571339875317907
56.764, 2.590543536703598
56.785, 2.6116328841918466
56.805, 2.6326274590779524
56.826, 2.6556582623781413
56.846, 2.678563036469452
56.866, 2.7024468333540956
56.887, 2.728614841156978
56.907, 2.7546113679786752
56.928, 2.7830771810655115
56.948, 2.81134193152094
56.969, 2.842277961758442
56.989, 2.8729844118403176
57.009, 2.9049509360426287
57.03, 2.9399252876093636
57.05, 2.9746303343890883
57.071, 3.0125973684955505
57.091, 3.0502708719777165
57.112, 3.091486576689534
57.132, 3.1323872113664435
57.153, 3.177139994536602
57.173, 3.221559642177448
57.193, 3.2678131668425783
57.214, 3.318444551359291
57.234, 3.3687245815037556
57.255, 3.423786992072859
57.275, 3.478493589734976
57.296, 3.5384358430587413
57.316, 3.5980261560600812
57.336, 3.660184496032417
57.357, 3.7283607951783915
57.377, 3.7962115114602972
57.398, 3.870693231313879
57.418, 3.944885497862423
57.439, 4.026406625607952
57.459, 4.107694056940708
57.48, 4.197108794352996
57.5, 4.286370666041022
57.52, 4.379886137860012
57.541, 4.4829458054279385
57.561, 4.586034755406313
57.582, 4.699810576565971
57.602, 4.813793454413936
57.623, 4.939796179837284
57.643, 5.066242837391496
57.664, 5.206273588520182
57.684, 5.347060855873541
57.704, 5.495635562331532
57.725, 5.660663362359325
57.745, 5.827100434199273
57.766, 6.012381940537914
57.786, 6.199680176672622
57.807, 6.408689582045449
57.827, 6.620504322147167
57.847, 6.845845102369147
57.868, 7.098298238646383
57.888, 7.355180772367962
57.909, 7.6437946085889905
57.929, 7.938335189138322
57.95, 8.270256621676241
57.97, 8.610039749482139
57.991, 8.994262513817091
58.011, 9.39019661495291
58.031, 9.823336639407499
58.052, 10.323686081189463
58.072, 10.832648515416576
58.093, 11.417968281665315
58.113, 12.099181309694067
58.134, 13.060396375978094
58.154, 14.327028984867631
58.174, 15.956539889242457
58.195, 17.82714625397134
58.215, 19.3369462373265
58.236, 20.283645483636224
58.256, 20.636102052672992
58.277, 20.857260587968025
58.297, 21.333176625417657
58.318, 22.28677975440847
58.338, 23.573078575760007
58.358, 25.10980395408978
58.379, 26.895201735633055
58.399, 28.70582152263244
58.42, 30.68554268940216
58.44, 32.61330218937464
58.461, 34.65514298950287
58.481, 36.67960663943433
58.502, 39.38744798521528
58.522, 43.73487127327915
58.542, 50.53767707128823
58.563, 57.55875031505374
58.583, 59.767778666909905
58.604, 57.93406352756565
58.624, 56.97623429241644
58.645, 59.11465962960292
58.665, 62.84140522198213
58.685, 66.45631111127254
58.706, 68.87697752095364
58.726, 69.13622727670135
58.747, 66.91891518531963
58.767, 62.59018332551267
58.788, 56.33642834430863
58.808, 49.579799426891775
58.829, 42.53243799276968
58.849, 36.50237323129349
58.869, 31.47597368208653
58.89, 27.348046862870184
58.91, 24.384920381311595
58.931, 22.058669088627386
58.951, 20.368094933130916
58.972, 18.95103411303101
58.992, 17.816768383925947
59.012, 16.81671535837906
59.033, 15.865512803336426
59.053, 15.030873701823403
59.074, 14.216765223799126
59.094, 13.494232109311126
59.115, 12.786504099485372
59.135, 12.157650862386577
59.156, 11.541609555679429
59.176, 10.99424804743993
59.196, 10.482660981448268
59.217, 9.98131976665443
59.237, 9.535553241874828
59.258, 9.098353133680002
59.278, 8.709221481439656
59.299, 8.327117147818846
59.319, 7.986576304429232
59.34, 7.6517089464969406
59.36, 7.352815273946377
59.38, 7.072024727523064
59.401, 6.795252513753962
59.421, 6.547605530384495
59.442, 6.303088436733697
59.462, 6.083927382922272
59.483, 5.867164327313293
59.503, 5.672545281273167
59.523, 5.4886530169254515
59.544, 5.306311882411115
59.564, 5.142186695195329
59.585, 4.979176149426514
59.605, 4.832210591257545
59.626, 4.686008788482962
59.646, 4.553989553757396
59.667, 4.42245351741404
59.687, 4.303497565736353
59.707, 4.19031572538593
59.728, 4.077302792244585
59.748, 3.974881085575529
59.769, 3.872471629388345
59.789, 3.7795352534653217
59.81, 3.6864888636119466
59.83, 3.60194228965485
59.85, 3.521137182528254
59.871, 3.4400901432644853
59.891, 3.366317365789694
59.912, 3.2922402919817753
59.932, 3.2247381510640056
59.953, 3.1568858490110174
59.973, 3.0949925946917474
59.994, 3.0327166565858787
60.014, 2.975855612497319
60.034, 2.9212623221722094
60.055, 2.866257268351007
60.075, 2.815969429029525
60.096, 2.765260392689237
60.116, 2.718863248021781
60.137, 2.672041779986245
60.157, 2.629170255158012
60.178, 2.5858763497085295
60.198, 2.546208244954476
60.218, 2.5079972303329923
60.239, 2.4693739948455073
60.259, 2.433954212797961
60.28, 2.3981328006904334
60.3, 2.3652655518722243
60.321, 2.332009574400905
60.341, 2.301482412038801
60.361, 2.272026685048621
60.382, 2.2422046842195664
60.402, 2.214814585731929
60.423, 2.187074959128837
60.443, 2.1615900512681416
60.464, 2.1357733509471157
60.484, 2.112049842321182
60.505, 2.0880130397362535
60.525, 2.065921838128703
60.545, 2.0445840141054106
60.566, 2.022961451191863
60.586, 2.003087509511003
60.607, 1.9829485208565523
60.627, 1.964439104182916
60.648, 1.9456846156654517
60.668, 1.9284500946499545
60.688, 1.9118076018820425
60.709, 1.8949501253779397
60.729, 1.8794649918666184
60.75, 1.8637852722504062
60.77, 1.8493878629781384
60.791, 1.8348163665744244
60.811, 1.821443699789227
60.832, 1.8079175269889236
60.852, 1.7955126250068376
60.872, 1.783560782673487
60.893, 1.7714861907374302
60.913, 1.7604272449564806
60.934, 1.7492663162444164
60.954, 1.7390558991356087
60.975, 1.7287643536343047
60.995, 1.7193623939333178
61.015, 1.7103414587502102
61.036, 1.7012706240886866
61.056, 1.6930057069409186
61.077, 1.6847120503550432
61.097, 1.6771722801182134
61.118, 1.6696251013474168
61.138, 1.662782810969053
61.159, 1.655954648010729
61.179, 1.649785142080389
61.199, 1.6439357023872858
61.22, 1.6381328941666498
61.24, 1.6329245658596894
61.261, 1.6277850893043262
61.281, 1.6231997429733387
61.302, 1.6187058238224115
61.322, 1.61472770033083
61.343, 1.6108639863008196
61.363, 1.6074795744117802
61.383, 1.6043805238150444
61.404, 1.6014309497651096
61.424, 1.5989094509029116
61.445, 1.5965616738916126
61.465, 1.5946093965587715
61.486, 1.5928557064159437
61.506, 1.5914662813928047
61.526, 1.5903496847261236
61.547, 1.589469973193905
61.567, 1.5889102856748718
61.588, 1.5886142140583468
61.608, 1.5886097747839318
61.629, 1.5888965770212597
61.649, 1.5894475868516147
61.67, 1.5903184517430127
61.69, 1.5914269768305813
61.71, 1.5928087759308258
61.731, 1.5945550487560762
61.751, 1.5965009312577545
61.772, 1.598842814320411
61.792, 1.6013595954078148
61.813, 1.6043052820392818
61.833, 1.6074017684794404
61.853, 1.6107848513609653
61.874, 1.6146486397692787
61.894, 1.618628374325105
61.915, 1.6231257600675906
61.935, 1.6277162544130428
61.956, 1.6328632515111248
61.976, 1.6380809319746317
61.997, 1.6438960582431257
62.017, 1.6497598076036868
62.037, 1.6559463456514314
62.058, 1.6627955610339826
62.078, 1.6696611627305509
62.099, 1.6772365221392496
62.119, 1.684806940089493
62.14, 1.6931371001768256
62.16, 1.7014412277069053
62.181, 1.710558278564047
62.201, 1.7196284173983616
62.221, 1.7290850470758288
62.242, 1.7394403515574461
62.262, 1.749718032374008
62.283, 1.7609570219842086
62.303, 1.7720979685771445
62.324, 1.7842673720155346
62.344, 1.796318491833882
62.364, 1.8088321612517324
62.385, 1.8224836090039422
62.405, 1.8359870166289745
62.426, 1.8507088315960545
62.446, 1.865262885066669
62.467, 1.881122482287712
62.487, 1.896794872178516
62.508, 1.913867203354594
62.528, 1.930733222630157
62.548, 1.9482113554790343
62.569, 1.9672451965229825
62.589, 1.9860451338644685
62.61, 2.0065172497925707
62.63, 2.0267376606311505
62.651, 2.048757575760945
62.671, 2.0705087815860455
62.691, 2.093050677273037
62.712, 2.1176046840127896
62.732, 2.141866661347146
62.753, 2.1683016751454103
62.773, 2.1944307606677342
62.794, 2.222910643948001
62.814, 2.2510725955386723
62.835, 2.2817823526193957
62.855, 2.31216459528404
62.875, 2.3437053426498933
62.896, 2.3781288772880127
62.916, 2.4122166009519925
62.937, 2.4494455039943506
62.957, 2.486338329966978
62.978, 2.52666244735023
62.998, 2.566655865628064
63.019, 2.610407682765983
63.039, 2.653841377760504
63.059, 2.699091969336823
63.08, 2.7486701877856143
63.1, 2.7979667637732035
63.121, 2.852040890739546
63.141, 2.9058738211883277
63.162, 2.965000346041451
63.182, 3.023943218278559
63.202, 3.085616553752724
63.223, 3.153502655496668
63.243, 3.2213334792366806
63.264, 3.296121791746263
63.284, 3.3709800715855742
63.305, 3.453668924132946
63.325, 3.5365956353816
63.346, 3.6283841566704513
63.366, 3.7206346181513172
63.386, 3.817967771565648
63.407, 3.9260757104591164
63.427, 4.035124349486833
63.448, 4.156566621416942
63.468, 4.2794090226653445
63.489, 4.416618652798237
63.509, 4.555845155533902
63.529, 4.7041993657667955
63.55, 4.870748605403483
63.57, 5.040657268105506
63.591, 5.232159956764352
63.611, 5.428346538741293
63.632, 5.6504576558891735
63.652, 5.879085906477232
63.673, 6.139244399907842
63.693, 6.408491587242914
63.713, 6.701341051418352
63.734, 7.03757262751791
63.754, 7.388898668190498
63.775, 7.795170458129359
63.795, 8.222961815257323
63.816, 8.721791396510211
63.836, 9.251775783510611
63.857, 9.875812690102354
63.877, 10.545844077510338
63.897, 11.30343031481763
63.918, 12.211531152897592
63.938, 13.205728638269628
63.959, 14.415546769736142
63.979, 15.762323880897275
64.0, 17.43217857711655
64.02, 19.330868929619253
64.04, 21.617001802716157
64.061, 24.565825255071196
64.081, 28.075603361832155
64.102, 32.77316847218873
64.122, 38.574655196200176
64.143, 46.56921578744468
64.163, 56.5383481335509
64.184, 69.948594452088
64.204, 85.4954953158433
64.224, 102.7301053402704
64.245, 120.05198497101806
64.265, 132.67976253516161
64.286, 140.21065360362076
64.306, 143.39160627413176
64.327, 145.75949521547733
64.347, 149.25746225454301
64.367, 154.38695270784189
64.388, 160.51809493438907
64.408, 165.4006054005642
64.429, 167.64520187823717
64.449, 165.71499213308556
64.47, 158.87386245276036
64.49, 148.16370429101488
64.511, 133.64587116239443
64.531, 118.06343454626884
64.551, 102.07248796133588
64.572, 86.01477032407944
64.592, 72.22995056332503
64.613, 59.85513792827263
64.633, 50.25463427926444
64.654, 42.414609093822264
64.674, 36.870917533547164
64.694, 32.915879271738376
64.715, 30.141004150576354
64.735, 28.517608646393636
64.756, 27.622583642704328
64.776, 27.35437982892894
64.797, 27.545814741674757
64.817, 28.09416372836852
64.838, 29.003435816945178
64.858, 30.166987741150333
64.878, 31.620849959790522
64.899, 33.47587051186989
64.919, 35.58273991352939
64.94, 38.19286013376995
64.96, 41.1061985981694
64.981, 44.67730907299312
65.001, 48.63666771230178
65.022, 53.468501416924944
65.042, 58.808305393117294
65.062, 64.97470470232847
65.083, 72.46912823392869
65.103, 80.71829747765118
65.124, 90.72164376267229
65.144, 101.73759132467173
65.165, 115.26267379462391
65.185, 130.84520194316912
65.205, 150.43580065807924
65.226, 176.33201111644905
65.246, 205.3911973858971
65.267, 238.72894415917727
65.287, 273.7315126849283
65.308, 318.01919544241747
65.328, 369.41300100952014
65.349, 428.65700487420924
65.369, 480.77057818183306
65.389, 517.6380969526672
65.41, 530.4152118880496
65.43, 515.55891277776
65.451, 477.4693831407028
65.471, 429.73034446786784
65.492, 378.5577772407698
65.512, 336.7421570481256
65.532, 305.4799183705791
65.553, 282.6360902005264
65.573, 263.8291009904929
65.594, 238.4966444395985
65.614, 206.57723165693014
65.635, 169.85237441626387
65.655, 137.52225761895312
65.676, 109.34831361172442
65.696, 88.37335709785528
65.716, 72.39480856018925
65.737, 59.87588442529653
65.757, 50.95705513186878
65.778, 43.80153832174199
65.798, 38.4330605702194
65.819, 33.851539990897066
65.839, 30.233820624367304
65.86, 27.05622580519883
65.88, 24.520975626668665
65.9, 22.384268331255953
65.921, 20.490368492260654
65.941, 18.952111726900114
65.962, 17.55608744432305
65.982, 16.3923951506783
66.003, 15.311118194099492
66.023, 14.392377863058222
66.043, 13.56531625619935
66.064, 12.781698342798904
66.084, 12.105521975851767
66.105, 11.459818157294405
66.125, 10.898740320675767
66.146, 10.359543747416105
66.166, 9.888274656050063
66.187, 9.432945656957303
66.207, 9.03299227853539
66.227, 8.662581770630743
66.248, 8.302327164991048
66.268, 7.9839371245136554
66.289, 7.673136201046508
66.309, 7.3975137616806
66.33, 7.127610973735308
66.35, 6.887557223159205
66.37, 6.662716364788817
66.391, 6.441692016789299
66.411, 6.2444128407915525
66.432, 6.0500774045206365
66.452, 5.876288909953385
66.473, 5.704797046257193
66.493, 5.551195244540173
66.514, 5.399406823938409
66.534, 5.263275679114594
66.554, 5.134820712977895
66.575, 5.007662227620087
66.595, 4.893432177663253
66.616, 4.780232172459756
66.636, 4.67842565037148
66.657, 4.577411497079176
66.677, 4.4864360402839
66.698, 4.396020812741222
66.718, 4.314435269780858
66.738, 4.236944700409796
66.759, 4.159659953082269
66.779, 4.089647448258738
66.8, 4.019613991530913
66.82, 3.9559800343190044
66.841, 3.8921459271676446
66.861, 3.8340011005165966
66.881, 3.778288197823725
66.902, 3.722278191970171
66.922, 3.6712151597976184
66.943, 3.619928314215516
66.963, 3.5732669690814736
66.984, 3.526548657038597
67.004, 3.484221674223209
67.025, 3.4420617229587394
67.045, 3.4040963898148955
67.065, 3.368277780054712
67.086, 3.332991359260006
67.106, 3.3016072600940003
67.127, 3.2709939387741804
67.147, 3.244070470892786
67.168, 3.2181458392160702
67.188, 3.195688941870149
67.208, 3.1754104051809215
67.229, 3.1564628307724427
67.249, 3.1406530527595824
67.27, 3.1264057238971943
67.29, 3.115086972553724
67.311, 3.1055800135937757
67.331, 3.0988101814142905
67.352, 3.0941287912381843
67.372, 3.0920156159503285
67.392, 3.0922315389171984
67.413, 3.095018557739775
67.433, 3.100172045379838
67.454, 3.1082837383253996
67.474, 3.1186644279389086
67.495, 3.1324548348399275
67.515, 3.148451840064196
67.536, 3.168389294557542
67.556, 3.190511097627134
67.576, 3.215847537070132
67.597, 3.2461017127033203
67.617, 3.278597193515162
67.638, 3.316829791395638
67.658, 3.357418005457462
67.679, 3.404732585753816
67.699, 3.4545964367472934
67.719, 3.509506663050114
67.74, 3.573031953916727
67.76, 3.639593113810069
67.781, 3.7164146664051727
67.801, 3.7967838340253484
67.822, 3.8894690568850048
67.842, 3.986423347560073
67.863, 4.098292278921754
67.883, 4.215440285613924
67.903, 4.344074146634605
67.924, 4.492911466884989
67.944, 4.64932521607755
67.965, 4.830870711704826
67.985, 5.022342684775641
68.006, 5.245484386017363
68.026, 5.481892638115118
68.046, 5.744870208094049
68.067, 6.053730533840226
68.087, 6.383715288552088
68.108, 6.7737269507913656
68.128, 7.193211917461048
68.149, 7.692518391520477
68.169, 8.233504650769842
68.19, 8.882280216706452
68.21, 9.590483650387466
68.23, 10.40231738305917
68.251, 11.385881697858448
68.271, 12.46901004004902
68.292, 13.785710425609714
68.312, 15.236200254806953
68.333, 16.992121622399438
68.353, 18.907812945010427
68.373, 21.092680600664433
68.394, 23.891057856100762
68.414, 28.04995918417139
68.435, 36.55294499303848
68.455, 49.36769349646339
68.476, 60.87589319397501
68.496, 62.08610692991959
68.517, 57.27351672776958
68.537, 57.4823042200913
68.557, 66.77193113313147
68.578, 85.39314382632787
68.598, 110.0066333034438
68.619, 140.33410782538462
68.639, 168.2604967530372
68.66, 188.3793235642931
68.68, 191.75494643273439
68.701, 176.9610275394706
68.721, 150.43443952279938
68.741, 119.51453648418475
68.762, 89.22244319460077
68.782, 65.97117187784961
68.803, 48.24247539888841
68.823, 36.79637753000175
68.844, 28.874112688410044
68.864, 23.84287504503116
68.884, 20.297280880295826
68.905, 17.540728461845113
68.925, 15.498842175583375
68.946, 13.771649295974367
68.966, 12.418445486173292
68.987, 11.232708453850632
69.007, 10.280949462715787
69.028, 9.431323283380545
69.048, 8.738470658674814
69.068, 8.13906729176269
69.089, 7.593270602953338
69.109, 7.1401313631215615
69.13, 6.723245713823456
69.15, 6.373897851481478
69.171, 6.0498144761609804
69.191, 5.776204688489683
69.211, 5.5322009154339575
69.232, 5.303751873989022
69.252, 5.1093269716014
69.273, 4.926525867276335
69.293, 4.770410109505817
69.314, 4.6232347235730025
69.334, 4.497307344252404
69.355, 4.37846940168685
69.375, 4.276774775710143
69.395, 4.185216598363666
69.416, 4.098993611129514
69.436, 4.025491499975955
69.457, 3.9565922581456165
69.477, 3.8982301108007045
69.498, 3.8439837809780157
69.518, 3.7985404420511566
69.539, 3.756908775941566
69.559, 3.722687869346904
69.579, 3.693451069433116
69.6, 3.6678246661532685
69.62, 3.6480079518029704
69.641, 3.631797342528676
69.661, 3.6205589588339335
69.682, 3.613008575613433
69.702, 3.6097401716029314
69.722, 3.610198894402659
69.743, 3.614607360898934
69.763, 3.622485276991511
69.784, 3.6345763960454875
69.804, 3.6497061645554885
69.825, 3.669381636602103
69.845, 3.69174023138831
69.866, 3.719047194798612
69.886, 3.748745155018152
69.906, 3.7821013472137643
69.927, 3.821139237343877
69.947, 3.862227864507224
69.968, 3.9095829447995256
69.988, 3.9588066549292376
70.009, 4.014952326305144
70.029, 4.072803966617851
70.049, 4.135062006991106
70.07, 4.205321726858026
70.09, 4.277029349391179
70.111, 4.357495147932804
70.131, 4.439173767657691
70.152, 4.530338965323223
70.172, 4.622382911206527
70.193, 4.724558141521859
70.213, 4.827146468198868
70.233, 4.934865689535411
70.254, 5.053441544848024
70.274, 5.171510307524266
70.295, 5.300795877673283
70.315, 5.428929058968249
70.336, 5.568740546952948
70.356, 5.707085693119573
70.377, 5.858272270020152
70.397, 6.008760749330968
70.417, 6.166962637253432
70.438, 6.34350088614604
70.458, 6.524093635602681
70.479, 6.7296162854518045
70.499, 6.9424081902662795
70.52, 7.183592977989946
70.54, 7.426351187472849
70.56, 7.673260010843928
70.581, 7.922954750239009
70.601, 8.137583978211437
70.622, 8.329943899184087
70.642, 8.484559610707764
70.663, 8.630265081185998
70.683, 8.769089811607579
70.704, 8.929105461677489
70.724, 9.103319129733073
70.744, 9.302398597139398
70.765, 9.538790690392705
70.785, 9.788937476197177
70.806, 10.075988283249034
70.826, 10.370470169618244
70.847, 10.698947719539763
70.867, 11.02643274962651
70.887, 11.363249714765375
70.908, 11.720074938917662
70.928, 12.055346795667917
70.949, 12.39433179874292
70.969, 12.697921185333108
70.99, 12.991126566441183
71.01, 13.243186095647967
71.031, 13.47827756796277
71.051, 13.674126882307249
71.071, 13.842858310755375
71.092, 13.990495462604695
71.112, 14.101805063689817
71.133, 14.185948685795926
71.153, 14.232867485048086
71.174, 14.245445077451706
71.194, 14.221578738487484
71.215, 14.159023454620126
71.235, 14.0649601486104
71.255, 13.939410073288437
71.276, 13.776891163421189
71.296, 13.59654593384683
71.317, 13.38470225971619
71.337, 13.16585566455005
71.358, 12.922797151419667
71.378, 12.682972896687241
71.398, 12.439010127848741
71.419, 12.18238880805193
71.439, 11.9409959563814
71.46, 11.693940626973632
71.48, 11.46737209744855
71.501, 11.240976011849803
71.521, 11.038097300993147
71.542, 10.83993956716441
71.562, 10.66642057792545
71.582, 10.50845227760365
71.603, 10.35981161842897
71.623, 10.234896229711792
71.644, 10.121273617333618
71.664, 10.029673506647812
71.685, 9.95072025039179
71.705, 9.891652459726345
71.725, 9.847994032802646
71.746, 9.818360063338577
71.766, 9.805205166571897
71.787, 9.80682815712861
71.807, 9.822730752744317
71.828, 9.854164127251043
71.848, 9.89784830638213
71.869, 9.957882998280832
71.889, 10.028334531283058
71.909, 10.111561153861613
71.93, 10.212543524101735
71.95, 10.321547739312047
71.971, 10.449379744477001
71.991, 10.583800742650611
72.012, 10.73820544348872
72.032, 10.897859521128824
72.052, 11.069789761365167
72.073, 11.263514157829176
72.093, 11.460568289141817
72.114, 11.68063505279337
72.134, 11.902721567233266
72.155, 12.14897870902641
72.175, 12.395871910266381
72.196, 12.667965781235477
72.216, 12.939185974881491
72.236, 13.22198705684514
72.257, 13.531103370398165
72.277, 13.836748981214557
72.298, 14.169030915195531
72.318, 14.49578163736458
72.339, 14.84900903366891
72.359, 15.194333398904872
72.38, 15.565366443223885
72.4, 15.925776234551012
72.42, 16.291952631687934
72.441, 16.681299303398152
72.461, 17.055306000461343
72.482, 17.449685352067693
72.502, 17.82514509080541
72.523, 18.217227026431328
72.543, 18.586575183540337
72.563, 18.949873855526796
72.584, 19.322469620796564
72.604, 19.666547031852858
72.625, 20.013962947321865
72.645, 20.329247226651116
72.666, 20.642102309027376
72.686, 20.92670732308459
72.707, 21.239469759281132
72.727, 21.595903608244917
72.747, 21.97241036626338
72.768, 22.2050701543465
72.788, 22.208661615845827
72.809, 22.153581157705457
72.829, 22.15389249855775
72.85, 22.17905938390167
72.87, 22.184452140098525
72.89, 22.16938127669275
72.911, 22.33847013781894
72.931, 23.87812296020734
72.952, 28.586889063852112
72.972, 31.661677318691414
72.993, 27.854074298582272
73.013, 23.091785677950188
73.034, 21.20487320326648
73.054, 20.727805828286392
73.074, 20.41322390501274
73.095, 20.071968396383966
73.115, 19.72821519560097
73.136, 19.35000012675847
73.156, 18.97587891217185
73.177, 18.57112088797261
73.197, 18.176727787302408
73.218, 17.755783336379924
73.238, 17.350627631329896
73.258, 16.94338600381259
73.279, 16.515605939815263
73.299, 16.10984295365281
73.32, 15.68728413463681
73.34, 15.289662722392897
73.361, 14.87863587301621
73.381, 14.494525520136754
73.401, 14.118588300188865
73.422, 13.73359542147066
73.442, 13.376992798255403
73.463, 13.01383737891631
73.483, 12.679293954174458
73.504, 12.340442089638275
73.524, 12.02999097924002
73.545, 11.717312939676049
73.565, 11.432548192558032
73.585, 11.160830312115895
73.606, 10.889941374820694
73.626, 10.646061665819714
73.647, 10.405262003201486
73.667, 10.190979443362572
73.688, 9.98243397134982
73.708, 9.800233378228116
73.728, 9.634949955330772
73.749, 9.480828821429947
73.769, 9.354008701945189
73.79, 9.243782238577321
73.81, 9.162999809250383
73.831, 9.106788423042511
73.851, 9.084346833281083
73.872, 9.09869577306549
73.892, 9.154786844654215
73.912, 9.26008347526163
73.933, 9.434112926170085
73.953, 9.672350931186184
73.974, 10.01308824199139
73.994, 10.4369586236021
74.015, 10.994623054627539
74.035, 11.625944164148173
74.056, 12.355347539822214
74.076, 13.03538070743944
74.096, 13.592713120697677
74.117, 13.943569497997416
74.137, 14.034316686898824
74.158, 13.954836991682813
74.178, 13.833674227627412
74.199, 13.765554398418766
74.219, 13.805018569422632
74.239, 13.948740891549432
74.26, 14.303715281828593
74.28, 15.836993534513859
74.301, 21.29135586200774
74.321, 27.1589371770369
74.342, 24.443264982817617
74.362, 17.248717543953425
74.383, 13.284763621482359
74.403, 11.973402628150497
74.423, 11.098898411166441
74.444, 10.233460025912208
74.464, 9.458886817101286
74.485, 8.71591949886048
74.505, 8.081511091429617
74.526, 7.490908227157462
74.546, 6.995126933549037
74.566, 6.557651420094536
74.587, 6.1533789903660825
74.607, 5.8138432419551265
74.628, 5.4983733087267535
74.648, 5.231502350395287
74.669, 4.9814865349629995
74.689, 4.768107268005018
74.71, 4.566390370322877
74.73, 4.392674010982027
74.75, 4.234536774091957
74.771, 4.083110408423218
74.791, 3.9510826130024066
74.812, 3.8236822699370925
74.832, 3.7117934964497055
74.853, 3.603090048504315
74.873, 3.5070123178739276
74.894, 3.41311587247474
74.914, 3.3296671425155555
74.934, 3.25147714919945
74.955, 3.174502595818431
74.975, 3.1056295966040683
74.996, 3.037555543118079
75.016, 2.9764220974920135
75.037, 2.9157948699990546
75.057, 2.8611821508267
75.077, 2.8093906227115486
75.098, 2.757825873674928
75.118, 2.7112119620185995
75.139, 2.6647093980848973
75.159, 2.622597632281619
75.18, 2.580522502145534
75.2, 2.5423707584748962
75.221, 2.504211544554177
75.241, 2.469581345167451
75.261, 2.4365351285098953
75.282, 2.4034575612541924
75.302, 2.3734266333956864
75.323, 2.3433695019182332
75.343, 2.3160896359742758
75.364, 2.288802009270093
75.384, 2.264057167747072
75.404, 2.2404828437933935
75.425, 2.216948381333048
75.445, 2.1956599145706153
75.466, 2.1744549897458723
75.486, 2.155325140190286
75.507, 2.136331032247482
75.527, 2.1192600532368386
75.548, 2.102385238987468
75.568, 2.0872979331764934
75.588, 2.0731578091638174
75.609, 2.059319125884486
75.629, 2.0470919736991124
75.65, 2.0352479457685413
75.67, 2.024912235163919
75.691, 2.015050960941127
75.711, 2.0066055348579788
75.732, 1.998736545974547
75.752, 1.99220084679066
75.772, 1.9866101763777217
75.793, 1.9817705570172168
75.813, 1.9781586109604554
75.834, 1.9754331280619264
75.854, 1.9738755805852595
75.875, 1.97335717576768
75.895, 1.9739561224586522
75.915, 1.975652895290668
75.936, 1.9786545767142092
75.956, 1.9827163474605718
75.977, 1.9882932883914166
75.997, 1.9949052624353099
76.018, 2.003273917881694
76.038, 2.012665052093474
76.059, 2.024092037671625
76.079, 2.0365436194844064
76.099, 2.050608745477122
76.12, 2.067212650842222
76.14, 2.084878208699185
76.161, 2.1054951532079755
76.181, 2.1272279088931607
76.202, 2.152401262787792
76.222, 2.178775458412886
76.242, 2.2076616206928255
76.263, 2.2409005186255473
76.283, 2.2755440266778995
76.304, 2.315315955744418
76.324, 2.356700791282631
76.345, 2.4041631788426905
76.365, 2.453526668886091
76.386, 2.5101413259252294
76.406, 2.5690535045520617
76.426, 2.6333212410850746
76.447, 2.707158361064618
76.467, 2.7841748390150185
76.488, 2.8728565617821484
76.508, 2.9656018007643317
76.529, 3.0727245299832364
76.549, 3.185151687910928
76.569, 3.309012218327389
76.59, 3.4529890144722746
76.61, 3.605186984448121
76.631, 3.7831355554444275
76.651, 3.9724875591566025
76.672, 4.195545709532242
76.692, 4.434933960099396
76.713, 4.71970647540128
76.733, 5.028749596868767
76.753, 5.382120500800857
76.774, 5.8111552752123234
76.794, 6.287770382136529
76.815, 6.877680586860704
76.835, 7.547088091521522
76.856, 8.393826569682213
76.876, 9.372622173076353
76.897, 10.624071016364693
76.917, 12.076986052740702
76.937, 13.837792298520258
76.958, 15.959541130759247
76.978, 18.01079564193103
76.999, 20.12463631702986
77.019, 22.219787449410425
77.04, 24.624295683563478
77.06, 27.282162004497373
77.08, 30.476541122415497
77.101, 34.47331324766945
77.121, 38.77630341307087
77.142, 43.496553887350025
77.162, 47.73907240032096
77.183, 51.39480819145908
77.203, 53.704916268642485
77.224, 54.70306527018547
77.244, 54.37700231954351
77.264, 53.07843584365588
77.285, 51.04866342995414
77.305, 48.825651564839305
77.326, 46.47736174113152
77.346, 44.415828789336175
77.367, 42.56547734531193
77.387, 41.18689470649673
77.407, 40.25898489848755
77.428, 39.89426637699971
77.448, 40.34490916659869
77.469, 41.94983957423156
77.489, 44.51701536997399
77.51, 47.289542835056714
77.53, 48.22089009811121
77.551, 46.036385539599095
77.571, 41.42947976782975
77.591, 36.07901793579739
77.612, 31.227060625070646
77.632, 27.808458756540027
77.653, 25.29393169980275
77.673, 23.64978490683252
77.694, 22.522222725835597
77.714, 21.90901006186834
77.735, 21.65524708118487
77.755, 21.702985927884075
77.775, 21.955687834847293
77.796, 22.360488138670608
77.816, 22.802762498495124
77.837, 23.247921697056576
77.857, 23.588210257051312
77.878, 23.812193710217958
77.898, 23.89824242265128
77.918, 23.915263225591566
77.939, 23.977276480177228
77.959, 24.22480946935306
77.98, 24.83502016836688
78.0, 25.845983365576608
78.021, 27.36975705209922
78.041, 29.15954472585431
78.062, 31.16210275564892
78.082, 32.88043590268773
78.102, 34.0942228287206
78.123, 34.56655741269938
78.143, 34.188754021159234
78.164, 33.08918900148948
78.184, 31.682927142364335
78.205, 30.20256512033812
78.225, 29.07809962481906
78.245, 28.393478896422828
78.266, 28.15525839039351
78.286, 28.230265974032605
78.307, 28.320231896042927
78.327, 28.096460183324513
78.348, 27.315065982352774
78.368, 26.05564979868714
78.389, 24.39846833455525
78.409, 22.780594652980135
78.429, 21.40081266996586
78.45, 20.467659158320785
78.47, 20.236702741174426
78.491, 20.69351300878114
78.511, 21.559473994818774
78.532, 22.39028073388112
78.552, 22.479127973348874
78.573, 21.345274252684142
78.593, 19.088526813061062
78.613, 16.10982590546856
78.634, 12.841473442901247
78.654, 10.079332892577412
78.675, 7.7986090705924065
78.695, 6.22901716424564
78.716, 5.0925698735967675
78.736, 4.351888821951754
78.756, 3.824820233691737
78.777, 3.413941342347033
78.797, 3.10846568797634
78.818, 2.847821372890198
78.838, 2.640747300457616
78.859, 2.455963121811802
78.879, 2.3044165803226297
78.9, 2.165853557420192
78.92, 2.049897032688115
78.94, 1.9468766199876009
78.961, 1.8503750321052899
78.981, 1.7678781089269502
79.002, 1.689674845321243
79.022, 1.6221000973859532
79.043, 1.5574198926972262
79.063, 1.5010349381094483
79.083, 1.4491166354790033
79.104, 1.3988456256934962
79.124, 1.3545525643823073
79.145, 1.311391357439358
79.165, 1.2731370347160866
79.186, 1.235654788391745
79.206, 1.2022627128233225
79.227, 1.1693873685925231
79.247, 1.1399675004016614
79.267, 1.1122263090020064
79.288, 1.0847477468204354
79.308, 1.0600161338658682
79.329, 1.0354323893016195
79.349, 1.0132325640963882
79.37, 0.9910961418945069
79.39, 0.9710468008393212
79.411, 0.9509983795276711
79.431, 0.9327915578386842
79.451, 0.9153893009953487
79.472, 0.8979235706520027
79.492, 0.8820063846240809
79.513, 0.8659960532076127
79.533, 0.8513746131155157
79.554, 0.8366381658581233
79.574, 0.8231543127240925
79.594, 0.8101757051526013
79.615, 0.7970600707091956
79.635, 0.7850285138744387
79.656, 0.7728502848991855
79.676, 0.7616613043337159
79.697, 0.7503190389800384
79.717, 0.7398831623333845
79.738, 0.7292897221993666
79.758, 0.7195298683450062
79.778, 0.7100749811355823
79.799, 0.7004593678727191
79.819, 0.6915843811130641
79.84, 0.6825481353903728
79.86, 0.6741986088519177
79.881, 0.6656882327569512
79.901, 0.6578164309594227
79.921, 0.6501620917328933
79.942, 0.6423487970914223
79.962, 0.6351114501621512
79.983, 0.627717049936728
80.003, 0.6208616410457712
